,game_id,회차,성적,타자_1_1,타자_1_2,타자_1_3,타자_1_4,타자_1_5,타자_1_6,타자_1_7,타자_1_8,타자_2_1,타자_2_2,타자_2_3,타자_2_4,타자_2_5,타자_2_6,타자_2_7,타자_2_8,타자_2_9
0,201900016,1,0,0,0,0,0,1,0,0,0,0,0,0,0,1,0,0,0,0
1,201900016,2,0,0,0,0,0,1,0,0,0,0,0,0,0,1,0,0,0,0
2,201900016,3,0,0,0,0,0,1,0,0,0,0,0,0,0,1,0,0,0,0
3,201900016,4,0,0,0,0,0,1,0,0,0,0,0,0,0,1,0,0,0,0
4,201900016,5,0,0,0,0,0,1,0,0,0,0,0,0,0,1,0,0,0,0
5,201900016,6,0,0,0,0,0,0,0,1,0,1,0,0,0,0,0,0,0,0
6,201900016,7,0,0,0,0,0,1,0,0,0,0,0,0,0,1,0,0,0,0
7,201900016,8,4,1,0,0,0,0,0,0,0,1,0,0,0,0,0,0,0,0
8,201900016,9,2,1,0,0,0,0,0,0,0,0,0,0,0,1,0,0,0,0
9,201900023,1,3,0,0,0,0,0,1,0,0,0,0,0,1,0,0,0,0,0
10,201900023,2,0,0,0,0,0,1,0,0,0,0,0,0,0,1,0,0,0,0
11,201900023,3,0,0,1,0,0,0,0,0,0,0,0,0,0,1,0,0,0,0
12,201900023,4,1,1,0,0,0,0,0,0,0,1,0,0,0,0,0,0,0,0
13,201900023,5,0,0,0,0,0,0,1,0,0,0,0,0,0,1,0,0,0,0
14,201900023,6,1,0,0,0,1,0,0,0,0,1,0,0,0,0,0,0,0,0
15,201900023,7,3,1,0,0,0,0,0,0,0,0,0,0,0,1,0,0,0,0
16,201900023,8,1,0,0,0,0,1,0,0,0,0,0,0,0,0,1,0,0,0
17,201900023,9,0,0,1,0,0,0,0,0,0,0,0,0,0,0,0,1,0,0
18,201900103,1,0,0,0,0,0,1,0,0,0,0,0,0,0,0,1,0,0,0
19,201900103,2,0,0,0,0,0,1,0,0,0,0,0,0,0,1,0,0,0,0
20,201900103,3,1,1,0,0,0,0,0,0,0,0,0,0,0,0,0,0,0,1
21,201900103,4,1,0,0,0,0,1,0,0,0,0,0,0,1,0,0,0,0,0
22,201900103,5,4,0,0,0,0,0,1,0,0,1,0,0,0,0,0,0,0,0
23,201900103,6,1,0,0,0,1,0,0,0,0,0,1,0,0,0,0,0,0,0
24,201900103,7,2,0,0,0,0,0,1,0,0,1,0,0,0,0,0,0,0,0
25,201900103,8,0,0,0,0,0,1,0,0,0,0,0,0,0,1,0,0,0,0
26,201900103,9,1,0,0,0,0,1,0,0,0,0,0,0,0,0,1,0,0,0
27,201900112,1,0,0,0,0,0,1,0,0,0,0,0,0,0,0,0,1,0,0
28,201900112,2,3,0,0,0,0,0,1,0,0,1,0,0,0,0,0,0,0,0
29,201900112,3,0,0,0,0,0,1,0,0,0,0,0,0,0,1,0,0,0,0
30,201900112,4,0,1,0,0,0,0,0,0,0,0,0,0,0,1,0,0,0,0
31,201900112,5,0,1,0,0,0,0,0,0,0,0,0,0,0,1,0,0,0,0
32,201900112,6,0,0,0,0,0,1,0,0,0,0,0,0,0,1,0,0,0,0
33,201900112,7,1,0,0,0,0,0,1,0,0,0,0,0,0,0,0,1,0,0
34,201900112,8,0,0,0,0,0,0,1,0,0,0,0,0,0,0,0,0,0,1
35,201900112,9,0,0,0,0,0,1,0,0,0,0,0,0,0,1,0,0,0,0
36,201900131,1,0,0,0,0,0,1,0,0,0,1,0,0,0,0,0,0,0,0
37,201900131,2,2,0,1,0,0,0,0,0,0,0,0,0,0,1,0,0,0,0
38,201900131,3,4,0,1,0,0,0,0,0,0,0,0,0,0,1,0,0,0,0
39,201900131,4,1,0,0,0,0,0,0,1,0,0,1,0,0,0,0,0,0,0
40,201900131,5,2,0,0,0,0,0,1,0,0,0,0,0,0,0,1,0,0,0
41,201900131,6,2,0,0,0,0,1,0,0,0,1,0,0,0,0,0,0,0,0
42,201900131,7,0,0,0,0,0,1,0,0,0,0,0,0,0,1,0,0,0,0
43,201900131,8,1,0,0,0,0,0,1,0,0,0,0,0,0,1,0,0,0,0
44,201900131,9,0,0,0,0,0,0,1,0,0,0,0,0,0,0,1,0,0,0
45,201900141,1,0,0,0,0,0,0,1,0,0,0,0,0,0,1,0,0,0,0
46,201900141,2,5,0,0,0,0,0,1,0,0,0,0,0,0,1,0,0,0,0
47,201900141,3,0,0,0,0,0,0,0,1,0,0,0,0,0,1,0,0,0,0
48,201900141,4,0,0,0,0,0,1,0,0,0,0,0,0,0,1,0,0,0,0
49,201900141,5,2,0,0,0,0,1,0,0,0,0,0,0,0,0,1,0,0,0
50,201900141,6,2,0,0,0,0,0,1,0,0,0,0,0,0,1,0,0,0,0
51,201900141,7,3,0,0,0,0,0,0,1,0,0,0,0,0,0,0,0,1,0
52,201900141,8,0,1,0,0,0,0,0,0,0,0,0,0,0,1,0,0,0,0
53,201900141,9,0,0,0,0,0,0,0,1,0,0,0,0,0,0,0,1,0,0
54,201900142,1,2,0,0,0,0,1,0,0,0,0,0,0,0,0,1,0,0,0
55,201900142,2,0,0,0,0,0,1,0,0,0,1,0,0,0,0,0,0,0,0
56,201900142,3,2,0,0,0,0,1,0,0,0,0,0,0,0,0,1,0,0,0
57,201900142,4,0,0,0,0,0,1,0,0,0,0,0,0,0,1,0,0,0,0
58,201900142,5,3,0,0,0,0,1,0,0,0,1,0,0,0,0,0,0,0,0
59,201900142,6,0,0,0,0,0,1,0,0,0,1,0,0,0,0,0,0,0,0
60,201900142,7,1,0,0,0,0,0,1,0,0,1,0,0,0,0,0,0,0,0
61,201900142,8,0,0,0,0,0,0,0,1,0,0,0,0,0,0,0,1,0,0
62,201900142,9,0,0,0,0,0,0,0,1,0,0,0,0,0,0,0,1,0,0
63,201900150,1,2,1,0,0,0,0,0,0,0,0,0,0,0,0,1,0,0,0
64,201900150,2,2,0,1,0,0,0,0,0,0,0,0,0,0,0,0,1,0,0
65,201900150,3,0,0,0,0,0,1,0,0,0,0,0,0,0,0,0,1,0,0
66,201900150,4,0,1,0,0,0,0,0,0,0,0,0,0,0,0,0,1,0,0
67,201900150,5,0,0,0,0,0,1,0,0,0,0,0,0,0,0,1,0,0,0
68,201900150,6,0,0,0,0,0,0,0,1,0,0,0,0,0,1,0,0,0,0
69,201900150,7,0,0,0,0,0,0,0,1,0,0,0,0,0,1,0,0,0,0
70,201900150,8,1,1,0,0,0,0,0,0,0,1,0,0,0,0,0,0,0,0
71,201900150,9,0,0,0,0,0,0,0,1,0,0,0,0,0,1,0,0,0,0
72,201900157,1,0,0,0,0,0,0,0,1,0,1,0,0,0,0,0,0,0,0
73,201900157,2,1,0,0,0,1,0,0,0,0,0,0,0,0,0,1,0,0,0
74,201900157,3,4,0,0,0,0,1,0,0,0,0,0,1,0,0,0,0,0,0
75,201900157,4,1,0,1,0,0,0,0,0,0,0,0,0,0,0,0,0,0,1
76,201900157,5,0,0,0,0,0,1,0,0,0,0,0,0,0,1,0,0,0,0
77,201900157,6,1,0,0,0,0,0,0,1,0,0,0,0,1,0,0,0,0,0
78,201900157,7,0,0,0,0,0,1,0,0,0,0,0,0,0,0,0,1,0,0
79,201900157,8,3,0,0,0,0,0,0,1,0,0,1,0,0,0,0,0,0,0
80,201900157,9,4,0,1,0,0,0,0,0,0,1,0,0,0,0,0,0,0,0
81,201900161,1,1,0,0,0,0,1,0,0,0,0,0,0,0,1,0,0,0,0
82,201900161,2,0,0,0,0,0,0,0,1,0,0,1,0,0,0,0,0,0,0
83,201900161,3,1,1,0,0,0,0,0,0,0,0,0,0,0,1,0,0,0,0
84,201900161,4,2,1,0,0,0,0,0,0,0,0,1,0,0,0,0,0,0,0
85,201900161,5,0,0,0,0,0,1,0,0,0,0,1,0,0,0,0,0,0,0
86,201900161,6,0,0,0,0,0,1,0,0,0,1,0,0,0,0,0,0,0,0
87,201900161,7,2,0,0,0,0,1,0,0,0,1,0,0,0,0,0,0,0,0
88,201900161,8,0,0,0,0,0,0,0,1,0,0,0,0,0,0,0,1,0,0
89,201900161,9,0,0,0,0,0,1,0,0,0,0,1,0,0,0,0,0,0,0
90,201900173,1,1,0,0,0,0,1,0,0,0,0,0,0,0,1,0,0,0,0
91,201900173,2,0,0,0,0,0,1,0,0,0,0,0,0,0,1,0,0,0,0
92,201900173,3,2,0,0,0,0,0,0,1,0,0,0,0,0,0,0,0,1,0
93,201900173,4,0,0,0,0,0,1,0,0,0,0,0,0,0,1,0,0,0,0
94,201900173,5,0,0,0,0,0,1,0,0,0,1,0,0,0,0,0,0,0,0
95,201900173,6,2,0,0,0,0,1,0,0,0,1,0,0,0,0,0,0,0,0
96,201900173,7,0,1,0,0,0,0,0,0,0,0,0,0,0,0,0,1,0,0
97,201900173,8,0,0,0,0,0,1,0,0,0,0,0,0,0,0,0,1,0,0
98,201900173,9,0,0,0,0,0,1,0,0,0,1,0,0,0,0,0,0,0,0
99,201900176,1,3,1,0,0,0,0,0,0,0,0,0,0,1,0,0,0,0,0
100,201900176,2,0,0,0,0,0,0,0,1,0,0,0,0,0,1,0,0,0,0
101,201900176,3,0,0,0,0,0,0,1,0,0,0,0,0,0,0,0,1,0,0
102,201900176,4,3,0,0,0,0,1,0,0,0,0,0,0,0,1,0,0,0,0
103,201900176,5,2,0,0,0,0,0,1,0,0,0,0,0,0,1,0,0,0,0
104,201900176,6,0,0,0,0,0,1,0,0,0,0,0,0,0,1,0,0,0,0
105,201900176,7,0,0,0,0,0,1,0,0,0,0,0,0,0,0,0,1,0,0
106,201900176,8,0,0,0,0,0,1,0,0,0,0,0,0,0,1,0,0,0,0
107,201900176,9,1,0,0,0,0,1,0,0,0,0,1,0,0,0,0,0,0,0
108,201900177,1,0,0,0,0,0,1,0,0,0,0,0,0,0,1,0,0,0,0
109,201900177,2,0,0,0,0,0,1,0,0,0,0,0,0,0,0,0,1,0,0
110,201900177,3,0,0,0,0,0,0,0,1,0,0,0,0,0,0,0,1,0,0
111,201900177,4,0,0,0,0,0,1,0,0,0,0,0,0,0,1,0,0,0,0
112,201900177,5,0,0,0,0,0,0,0,1,0,0,0,0,0,1,0,0,0,0
113,201900177,6,1,1,0,0,0,0,0,0,0,1,0,0,0,0,0,0,0,0
114,201900177,7,1,0,0,0,0,0,1,0,0,0,0,0,0,0,0,0,0,1
115,201900177,8,1,0,0,0,0,0,0,1,0,0,0,0,1,0,0,0,0,0
116,201900177,9,2,1,0,0,0,0,0,0,0,0,0,0,0,1,0,0,0,0
117,201900183,1,0,0,0,0,0,0,0,1,0,0,0,0,0,0,0,1,0,0
118,201900183,2,3,0,0,0,0,0,1,0,0,0,0,0,0,0,1,0,0,0
119,201900183,3,0,0,0,0,0,1,0,0,0,0,0,0,0,0,1,0,0,0
120,201900183,4,0,0,0,0,0,1,0,0,0,0,0,0,0,1,0,0,0,0
121,201900183,5,0,1,0,0,0,0,0,0,0,0,0,0,0,0,0,0,0,1
122,201900183,6,1,0,0,0,0,1,0,0,0,0,0,0,0,0,0,1,0,0
123,201900183,7,2,0,0,0,0,0,1,0,0,0,0,0,1,0,0,0,0,0
124,201900183,8,0,0,0,0,0,1,0,0,0,0,0,0,0,1,0,0,0,0
125,201900183,9,0,0,0,0,0,0,0,1,0,1,0,0,0,0,0,0,0,0
126,201900186,1,0,0,0,0,0,0,0,1,0,0,0,0,0,1,0,0,0,0
127,201900186,2,0,0,0,0,0,0,0,1,0,0,0,0,0,0,1,0,0,0
128,201900186,3,0,0,1,0,0,0,0,0,0,0,0,0,0,0,0,0,0,1
129,201900186,4,1,0,0,0,0,1,0,0,0,0,0,0,0,1,0,0,0,0
130,201900186,5,0,0,0,0,0,0,0,0,1,0,0,0,0,1,0,0,0,0
131,201900186,6,5,0,0,0,0,0,1,0,0,1,0,0,0,0,0,0,0,0
132,201900186,7,0,0,0,0,0,0,1,0,0,0,0,0,0,1,0,0,0,0
133,201900186,8,1,0,0,0,0,0,0,1,0,0,0,0,0,0,0,1,0,0
134,201900186,9,0,0,0,0,0,0,0,1,0,0,0,0,0,0,0,1,0,0
135,201900197,1,0,0,0,0,0,0,0,1,0,0,0,0,0,0,0,1,0,0
136,201900197,2,1,0,0,0,0,0,0,1,0,0,0,0,0,1,0,0,0,0
137,201900197,3,0,0,0,0,0,0,0,1,0,1,0,0,0,0,0,0,0,0
138,201900197,4,0,0,0,0,0,1,0,0,0,0,0,0,0,1,0,0,0,0
139,201900197,5,0,0,0,0,0,1,0,0,0,0,0,0,0,1,0,0,0,0
140,201900197,6,4,1,0,0,0,0,0,0,0,0,0,0,0,0,1,0,0,0
141,201900197,7,1,0,0,0,1,0,0,0,0,0,0,0,0,1,0,0,0,0
142,201900197,8,1,0,0,0,0,0,0,1,0,0,0,0,1,0,0,0,0,0
143,201900197,9,1,1,0,0,0,0,0,0,0,1,0,0,0,0,0,0,0,0
144,201900200,1,1,0,0,0,0,1,0,0,0,0,0,0,0,1,0,0,0,0
145,201900200,2,0,0,0,0,0,0,0,1,0,0,0,0,0,1,0,0,0,0
146,201900200,3,0,1,0,0,0,0,0,0,0,0,0,0,0,0,0,1,0,0
147,201900200,4,0,0,0,0,0,0,0,1,0,0,1,0,0,0,0,0,0,0
148,201900200,5,0,0,0,0,0,1,0,0,0,0,0,0,0,0,0,1,0,0
149,201900200,6,0,0,0,0,0,1,0,0,0,0,0,0,0,1,0,0,0,0
150,201900200,7,1,0,0,0,0,1,0,0,0,0,1,0,0,0,0,0,0,0
151,201900200,8,0,0,0,0,0,1,0,0,0,0,0,0,0,0,0,1,0,0
152,201900200,9,0,0,0,0,0,0,0,1,0,0,0,0,0,1,0,0,0,0
153,201900201,1,1,0,0,0,1,0,0,0,0,0,0,0,0,1,0,0,0,0
154,201900201,2,0,1,0,0,0,0,0,0,0,0,0,0,0,1,0,0,0,0
155,201900201,3,4,0,0,0,1,0,0,0,0,0,0,0,0,1,0,0,0,0
156,201900201,4,0,1,0,0,0,0,0,0,0,0,0,0,0,0,1,0,0,0
157,201900201,5,0,0,0,0,0,0,0,1,0,0,0,0,0,1,0,0,0,0
158,201900201,6,1,0,1,0,0,0,0,0,0,0,0,0,0,1,0,0,0,0
159,201900201,7,2,1,0,0,0,0,0,0,0,0,0,0,1,0,0,0,0,0
160,201900201,8,0,0,0,0,0,1,0,0,0,0,0,0,0,1,0,0,0,0
161,201900201,9,3,0,1,0,0,0,0,0,0,0,0,0,0,0,0,0,0,1
162,201900203,1,2,0,0,0,0,1,0,0,0,0,1,0,0,0,0,0,0,0
163,201900203,2,0,0,0,0,0,1,0,0,0,0,0,0,0,0,1,0,0,0
164,201900203,3,0,0,0,0,0,1,0,0,0,0,0,0,0,1,0,0,0,0
165,201900203,4,0,1,0,0,0,0,0,0,0,0,0,0,0,0,0,0,0,1
166,201900203,5,1,1,0,0,0,0,0,0,0,1,0,0,0,0,0,0,0,0
167,201900203,6,4,0,0,0,0,0,1,0,0,1,0,0,0,0,0,0,0,0
168,201900203,7,2,1,0,0,0,0,0,0,0,0,0,0,0,0,1,0,0,0
169,201900203,8,0,0,1,0,0,0,0,0,0,0,0,0,0,0,0,1,0,0
170,201900203,9,0,1,0,0,0,0,0,0,0,0,0,0,0,0,0,1,0,0
171,201900208,1,0,1,0,0,0,0,0,0,0,0,0,0,0,0,0,1,0,0
172,201900208,2,0,0,0,0,0,1,0,0,0,0,0,0,0,1,0,0,0,0
173,201900208,3,2,0,0,0,1,0,0,0,0,0,0,0,0,1,0,0,0,0
174,201900208,4,0,0,1,0,0,0,0,0,0,0,0,0,0,1,0,0,0,0
175,201900208,5,1,0,0,0,0,1,0,0,0,0,0,0,1,0,0,0,0,0
176,201900208,6,0,0,0,0,0,0,0,1,0,0,0,0,0,0,0,1,0,0
177,201900208,7,0,0,0,0,0,1,0,0,0,0,0,0,0,0,0,1,0,0
178,201900208,8,0,0,0,0,0,0,0,1,0,0,0,0,0,1,0,0,0,0
179,201900208,9,0,0,0,0,0,1,0,0,0,0,0,0,0,1,0,0,0,0
180,201900213,1,2,0,1,0,0,0,0,0,0,0,0,0,0,1,0,0,0,0
181,201900213,2,0,0,1,0,0,0,0,0,0,0,0,0,0,1,0,0,0,0
182,201900213,3,2,0,0,0,0,1,0,0,0,0,0,0,0,1,0,0,0,0
183,201900213,4,0,0,0,0,0,0,0,1,0,0,0,0,0,0,0,1,0,0
184,201900213,5,0,0,0,0,0,1,0,0,0,0,0,0,0,1,0,0,0,0
185,201900213,6,0,0,0,0,0,0,0,1,0,0,0,0,0,1,0,0,0,0
186,201900213,7,1,0,0,0,0,0,0,1,0,0,0,0,0,1,0,0,0,0
187,201900213,8,0,0,0,0,0,1,0,0,0,0,0,0,0,1,0,0,0,0
188,201900213,9,0,0,0,0,0,1,0,0,0,0,0,0,0,0,0,1,0,0
189,201900235,1,0,0,0,0,0,1,0,0,0,1,0,0,0,0,0,0,0,0
190,201900235,2,2,1,0,0,0,0,0,0,0,0,0,0,0,0,1,0,0,0
191,201900235,3,0,0,0,0,0,1,0,0,0,0,0,0,0,1,0,0,0,0
192,201900235,4,0,0,0,0,0,1,0,0,0,1,0,0,0,0,0,0,0,0
193,201900235,5,0,0,0,0,0,1,0,0,0,0,0,0,0,0,0,1,0,0
194,201900235,6,1,0,0,0,0,1,0,0,0,0,0,0,1,0,0,0,0,0
195,201900235,7,2,0,0,0,1,0,0,0,0,0,1,0,0,0,0,0,0,0
196,201900235,8,0,0,0,0,0,1,0,0,0,0,0,0,0,1,0,0,0,0
197,201900235,9,0,0,0,1,0,0,0,0,0,0,0,0,0,1,0,0,0,0
198,201900274,1,0,0,0,0,0,0,0,1,0,0,0,0,0,1,0,0,0,0
199,201900274,2,0,1,0,0,0,0,0,0,0,0,0,0,0,1,0,0,0,0
200,201900274,3,0,0,0,0,0,1,0,0,0,0,0,0,0,1,0,0,0,0
201,201900274,4,0,0,0,0,0,1,0,0,0,0,0,0,0,0,0,1,0,0
202,201900274,5,0,0,0,0,0,0,1,0,0,0,0,0,0,0,0,0,0,1
203,201900274,6,3,0,0,0,0,1,0,0,0,0,0,0,1,0,0,0,0,0
204,201900274,7,0,0,0,0,0,0,0,1,0,0,0,0,0,1,0,0,0,0
205,201900274,8,0,0,0,0,0,0,1,0,0,0,0,0,0,1,0,0,0,0
206,201900274,9,0,0,0,0,0,1,0,0,0,0,0,0,0,1,0,0,0,0
207,201900285,1,0,0,0,0,0,0,1,0,0,0,0,0,0,1,0,0,0,0
208,201900285,2,1,1,0,0,0,0,0,0,0,0,0,0,0,0,0,1,0,0
209,201900285,3,1,0,0,0,0,0,1,0,0,0,0,0,0,1,0,0,0,0
210,201900285,4,0,0,0,0,0,0,0,1,0,0,0,0,0,1,0,0,0,0
211,201900285,5,0,0,0,0,0,1,0,0,0,1,0,0,0,0,0,0,0,0
212,201900285,6,0,0,0,0,0,1,0,0,0,0,0,0,0,1,0,0,0,0
213,201900285,7,0,0,0,0,0,0,0,1,0,0,0,0,0,0,1,0,0,0
214,201900285,8,3,0,0,0,0,0,1,0,0,0,0,0,0,0,0,1,0,0
215,201900285,9,0,0,0,0,0,1,0,0,0,0,0,0,0,0,1,0,0,0
216,201900286,1,2,0,0,0,0,1,0,0,0,0,0,0,0,1,0,0,0,0
217,201900286,2,1,1,0,0,0,0,0,0,0,0,0,0,0,0,0,0,0,1
218,201900286,3,0,0,0,0,0,1,0,0,0,1,0,0,0,0,0,0,0,0
219,201900286,4,1,0,0,0,0,0,1,0,0,0,1,0,0,0,0,0,0,0
220,201900286,5,0,0,0,0,0,1,0,0,0,0,0,0,0,0,0,1,0,0
221,201900286,6,1,0,0,0,1,0,0,0,0,0,0,0,0,1,0,0,0,0
222,201900286,7,0,1,0,0,0,0,0,0,0,0,0,0,0,1,0,0,0,0
223,201900286,8,0,0,0,0,0,1,0,0,0,1,0,0,0,0,0,0,0,0
224,201900286,9,0,0,0,0,0,1,0,0,0,0,0,0,0,1,0,0,0,0
225,201900290,1,0,0,0,0,0,1,0,0,0,0,0,0,0,1,0,0,0,0
226,201900290,2,4,0,1,0,0,0,0,0,0,0,0,0,0,0,1,0,0,0
227,201900290,3,0,0,0,0,0,0,0,1,0,0,0,0,0,1,0,0,0,0
228,201900290,4,1,0,0,0,1,0,0,0,0,0,0,0,0,1,0,0,0,0
229,201900290,5,0,0,0,0,0,0,0,1,0,0,0,0,0,1,0,0,0,0
230,201900290,6,0,0,1,0,0,0,0,0,0,0,0,0,0,1,0,0,0,0
231,201900290,7,0,0,0,0,0,1,0,0,0,0,0,0,0,1,0,0,0,0
232,201900290,8,0,0,0,0,0,1,0,0,0,0,0,0,0,0,0,1,0,0
233,201900290,9,0,0,0,0,0,1,0,0,0,0,0,0,0,0,0,1,0,0
234,201900294,1,0,0,0,0,0,0,0,1,0,0,0,0,0,0,1,0,0,0
235,201900294,2,0,0,0,0,0,0,0,1,0,0,0,0,0,0,0,1,0,0
236,201900294,3,0,0,0,0,0,0,0,1,0,1,0,0,0,0,0,0,0,0
237,201900294,4,0,0,0,0,0,1,0,0,0,0,0,0,0,0,0,1,0,0
238,201900294,5,1,0,1,0,0,0,0,0,0,0,0,0,0,1,0,0,0,0
239,201900294,6,0,0,0,0,0,1,0,0,0,0,0,0,0,0,0,1,0,0
240,201900294,7,2,0,0,0,0,0,0,1,0,0,0,0,0,0,1,0,0,0
241,201900294,8,0,1,0,0,0,0,0,0,0,0,0,0,0,0,0,1,0,0
242,201900294,9,5,1,0,0,0,0,0,0,0,0,0,0,0,1,0,0,0,0
243,201900303,1,0,0,0,0,0,1,0,0,0,0,0,0,0,1,0,0,0,0
244,201900303,2,0,0,0,0,0,1,0,0,0,0,0,0,0,1,0,0,0,0
245,201900303,3,1,1,0,0,0,0,0,0,0,0,0,0,0,0,0,0,0,1
246,201900303,4,3,1,0,0,0,0,0,0,0,1,0,0,0,0,0,0,0,0
247,201900303,5,0,0,0,0,0,1,0,0,0,0,0,0,0,1,0,0,0,0
248,201900303,6,0,1,0,0,0,0,0,0,0,0,0,0,0,0,0,1,0,0
249,201900303,7,3,0,0,0,0,1,0,0,0,0,0,0,0,1,0,0,0,0
250,201900303,8,0,0,0,0,0,1,0,0,0,0,0,0,0,1,0,0,0,0
251,201900303,9,1,0,0,0,1,0,0,0,0,0,0,0,0,1,0,0,0,0
252,201900304,1,2,0,0,0,1,0,0,0,0,0,0,0,0,0,0,1,0,0
253,201900304,2,0,0,0,0,0,1,0,0,0,0,0,0,0,0,1,0,0,0
254,201900304,3,0,0,0,0,0,1,0,0,0,0,0,0,0,1,0,0,0,0
255,201900304,4,2,0,0,0,0,0,0,1,0,1,0,0,0,0,0,0,0,0
256,201900304,5,1,0,0,0,0,1,0,0,0,0,0,0,1,0,0,0,0,0
257,201900304,6,0,0,0,0,0,1,0,0,0,0,0,0,0,0,1,0,0,0
258,201900304,7,1,0,0,0,1,0,0,0,0,0,0,0,0,1,0,0,0,0
259,201900304,8,0,0,0,0,0,1,0,0,0,0,0,0,0,1,0,0,0,0
260,201900304,9,0,0,0,0,0,0,0,1,0,0,0,0,0,1,0,0,0,0
261,201900339,1,0,0,0,0,0,1,0,0,0,0,0,0,0,1,0,0,0,0
262,201900339,2,0,0,0,0,0,1,0,0,0,0,0,0,0,0,0,1,0,0
263,201900339,3,0,0,0,0,0,1,0,0,0,0,0,0,0,0,0,1,0,0
264,201900339,4,0,0,0,0,0,1,0,0,0,0,0,0,0,1,0,0,0,0
265,201900339,5,3,0,0,0,1,0,0,0,0,0,0,0,0,1,0,0,0,0
266,201900339,6,0,0,1,0,0,0,0,0,0,1,0,0,0,0,0,0,0,0
267,201900339,7,0,0,0,0,0,1,0,0,0,0,0,0,0,1,0,0,0,0
268,201900339,8,0,0,0,0,0,1,0,0,0,1,0,0,0,0,0,0,0,0
269,201900339,9,0,0,0,0,0,1,0,0,0,0,0,0,0,1,0,0,0,0
270,201900345,1,0,0,0,0,0,1,0,0,0,0,0,0,0,1,0,0,0,0
271,201900345,2,3,0,0,0,0,0,0,1,0,0,0,0,0,0,0,1,0,0
272,201900345,3,0,0,0,0,0,0,0,1,0,1,0,0,0,0,0,0,0,0
273,201900345,4,0,0,0,0,0,1,0,0,0,0,0,0,0,0,0,1,0,0
274,201900345,5,1,0,0,0,1,0,0,0,0,0,0,0,0,1,0,0,0,0
275,201900345,6,1,0,0,0,0,0,0,1,0,0,0,0,1,0,0,0,0,0
276,201900345,7,0,0,0,0,0,1,0,0,0,0,0,0,0,1,0,0,0,0
277,201900345,8,2,0,0,0,0,1,0,0,0,0,0,0,1,0,0,0,0,0
278,201900345,9,0,0,0,0,0,0,0,1,0,0,0,0,0,1,0,0,0,0
279,201900348,1,2,0,0,0,0,1,0,0,0,0,0,1,0,0,0,0,0,0
280,201900348,2,2,0,0,0,1,0,0,0,0,0,1,0,0,0,0,0,0,0
281,201900348,3,0,0,0,0,0,1,0,0,0,1,0,0,0,0,0,0,0,0
282,201900348,4,0,0,0,0,0,1,0,0,0,0,0,0,0,1,0,0,0,0
283,201900348,5,1,0,0,0,1,0,0,0,0,0,0,0,0,1,0,0,0,0
284,201900348,6,0,0,0,0,0,1,0,0,0,0,0,0,0,0,0,1,0,0
285,201900348,7,3,1,0,0,0,0,0,0,0,0,0,0,0,0,0,0,0,1
286,201900348,8,3,0,0,0,0,0,0,1,0,1,0,0,0,0,0,0,0,0
287,201900348,9,0,0,0,0,0,1,0,0,0,0,0,0,0,1,0,0,0,0
288,201900349,1,1,0,0,0,1,0,0,0,0,0,0,0,0,0,0,1,0,0
289,201900349,2,0,0,0,0,0,0,1,0,0,0,0,0,0,0,0,1,0,0
290,201900349,3,0,0,0,0,0,1,0,0,0,0,0,0,0,0,0,1,0,0
291,201900349,4,0,0,0,0,0,1,0,0,0,1,0,0,0,0,0,0,0,0
292,201900349,5,1,0,0,0,0,0,0,0,1,0,0,0,0,1,0,0,0,0
293,201900349,6,0,1,0,0,0,0,0,0,0,0,0,0,0,0,0,0,0,1
294,201900349,7,0,0,0,0,0,1,0,0,0,0,0,0,0,0,1,0,0,0
295,201900349,8,0,0,0,0,0,1,0,0,0,0,0,0,0,1,0,0,0,0
296,201900349,9,1,0,0,0,0,0,1,0,0,0,1,0,0,0,0,0,0,0
297,201900352,1,0,0,0,0,0,1,0,0,0,0,0,0,0,0,0,1,0,0
298,201900352,2,1,0,0,0,0,0,1,0,0,0,0,0,0,0,0,1,0,0
299,201900352,3,1,0,0,0,1,0,0,0,0,1,0,0,0,0,0,0,0,0
300,201900352,4,2,0,0,0,0,0,1,0,0,0,0,0,0,1,0,0,0,0
301,201900352,5,0,0,0,0,0,1,0,0,0,0,0,0,0,0,0,1,0,0
302,201900352,6,4,0,0,0,0,0,0,1,0,1,0,0,0,0,0,0,0,0
303,201900352,7,1,0,1,0,0,0,0,0,0,0,0,0,0,1,0,0,0,0
304,201900352,8,1,0,0,0,0,1,0,0,0,0,0,0,0,1,0,0,0,0
305,201900352,9,0,0,0,0,0,0,0,1,0,0,0,0,0,1,0,0,0,0
306,201900358,1,1,0,0,0,0,0,0,1,0,0,1,0,0,0,0,0,0,0
307,201900358,2,0,0,0,0,0,1,0,0,0,0,0,0,0,0,0,0,0,1
308,201900358,3,0,0,0,0,0,0,1,0,0,0,0,0,0,0,0,1,0,0
309,201900358,4,0,0,0,0,0,1,0,0,0,0,0,0,0,1,0,0,0,0
310,201900358,5,0,0,0,0,0,1,0,0,0,1,0,0,0,0,0,0,0,0
311,201900358,6,0,0,0,0,0,1,0,0,0,0,0,0,0,1,0,0,0,0
312,201900358,7,0,0,0,0,0,0,0,1,0,0,0,0,0,1,0,0,0,0
313,201900358,8,3,0,0,1,0,0,0,0,0,1,0,0,0,0,0,0,0,0
314,201900358,9,2,0,0,0,0,0,1,0,0,0,0,0,1,0,0,0,0,0
315,201900361,1,0,1,0,0,0,0,0,0,0,1,0,0,0,0,0,0,0,0
316,201900361,2,1,0,1,0,0,0,0,0,0,0,0,0,0,1,0,0,0,0
317,201900361,3,1,0,0,0,0,0,0,1,0,0,0,0,0,0,0,1,0,0
318,201900361,4,1,0,0,0,1,0,0,0,0,0,0,0,0,0,0,1,0,0
319,201900361,5,0,0,0,0,0,1,0,0,0,0,0,0,0,1,0,0,0,0
320,201900361,6,1,0,0,0,1,0,0,0,0,0,0,0,0,1,0,0,0,0
321,201900361,7,1,0,0,0,0,0,1,0,0,0,0,0,0,0,0,0,0,1
322,201900361,8,0,0,0,0,0,1,0,0,0,0,0,0,0,1,0,0,0,0
323,201900361,9,0,0,0,0,0,0,1,0,0,0,0,0,0,0,0,1,0,0
324,201900375,1,0,0,0,0,0,0,0,1,0,0,0,0,0,0,0,1,0,0
325,201900375,2,0,0,0,0,0,0,0,1,0,0,0,0,0,1,0,0,0,0
326,201900375,3,1,0,0,0,0,1,0,0,0,0,0,0,0,0,0,1,0,0
327,201900375,4,1,0,0,0,0,1,0,0,0,0,0,0,1,0,0,0,0,0
328,201900375,5,1,0,0,0,0,1,0,0,0,0,0,0,0,1,0,0,0,0
329,201900375,6,0,0,0,0,0,0,0,1,0,0,0,0,0,0,1,0,0,0
330,201900375,7,1,1,0,0,0,0,0,0,0,0,1,0,0,0,0,0,0,0
331,201900375,8,0,0,0,0,0,1,0,0,0,1,0,0,0,0,0,0,0,0
332,201900375,9,2,1,0,0,0,0,0,0,0,0,0,0,1,0,0,0,0,0
333,201900377,1,2,0,0,0,0,0,0,1,0,0,0,0,1,0,0,0,0,0
334,201900377,2,1,0,0,0,0,0,0,1,0,0,0,0,0,0,0,1,0,0
335,201900377,3,2,0,0,0,0,1,0,0,0,1,0,0,0,0,0,0,0,0
336,201900377,4,3,0,0,0,0,0,1,0,0,1,0,0,0,0,0,0,0,0
337,201900377,5,1,0,0,0,1,0,0,0,0,0,0,0,0,1,0,0,0,0
338,201900377,6,1,0,1,0,0,0,0,0,0,0,0,0,0,1,0,0,0,0
339,201900377,7,0,0,0,0,0,0,1,0,0,0,0,0,0,1,0,0,0,0
340,201900377,8,1,0,0,0,1,0,0,0,0,0,0,0,0,0,1,0,0,0
341,201900377,9,0,0,0,0,0,0,1,0,0,0,0,0,0,1,0,0,0,0
342,201900380,1,2,0,1,0,0,0,0,0,0,0,0,0,0,1,0,0,0,0
343,201900380,2,0,0,0,0,0,1,0,0,0,0,0,0,0,0,0,1,0,0
344,201900380,3,1,1,0,0,0,0,0,0,0,0,0,0,0,0,0,0,0,1
345,201900380,4,0,0,0,0,0,0,0,1,0,0,0,0,0,1,0,0,0,0
346,201900380,5,1,1,0,0,0,0,0,0,0,0,1,0,0,0,0,0,0,0
347,201900380,6,1,0,0,0,0,1,0,0,0,1,0,0,0,0,0,0,0,0
348,201900380,8,0,0,0,0,0,1,0,0,0,0,0,0,0,1,0,0,0,0
349,201900380,9,2,0,0,0,0,1,0,0,0,0,1,0,0,0,0,0,0,0
350,201900425,1,0,0,0,0,0,1,0,0,0,0,0,0,0,1,0,0,0,0
351,201900425,2,2,0,0,0,1,0,0,0,0,0,0,0,0,0,1,0,0,0
352,201900425,3,4,1,0,0,0,0,0,0,0,0,0,0,0,1,0,0,0,0
353,201900425,4,0,0,0,0,0,1,0,0,0,0,0,0,0,0,0,1,0,0
354,201900425,5,0,0,0,0,0,0,1,0,0,0,0,0,0,1,0,0,0,0
355,201900425,6,0,1,0,0,0,0,0,0,0,0,0,0,0,0,0,0,0,1
356,201900425,7,0,0,0,0,0,1,0,0,0,1,0,0,0,0,0,0,0,0
357,201900425,8,1,1,0,0,0,0,0,0,0,0,0,0,0,0,0,0,0,1
358,201900425,9,0,0,0,0,0,1,0,0,0,0,0,0,0,1,0,0,0,0
359,201900447,1,0,0,0,0,0,1,0,0,0,0,0,0,0,1,0,0,0,0
360,201900447,2,0,0,0,0,0,1,0,0,0,1,0,0,0,0,0,0,0,0
361,201900447,3,0,0,0,0,0,1,0,0,0,0,0,0,0,0,0,1,0,0
362,201900447,4,4,1,0,0,0,0,0,0,0,0,0,0,0,0,1,0,0,0
363,201900447,5,0,0,0,0,0,1,0,0,0,0,0,0,0,1,0,0,0,0
364,201900447,6,0,0,1,0,0,0,0,0,0,0,0,0,0,1,0,0,0,0
365,201900447,7,2,0,0,0,0,0,1,0,0,0,0,0,0,0,0,0,0,1
366,201900447,8,1,0,0,0,0,0,1,0,0,0,0,0,0,1,0,0,0,0
367,201900447,9,0,0,0,0,0,1,0,0,0,0,0,0,0,1,0,0,0,0
368,201900457,1,0,0,0,0,0,1,0,0,0,0,0,0,0,1,0,0,0,0
369,201900457,2,0,0,0,0,0,1,0,0,0,0,0,0,0,0,0,0,1,0
370,201900457,3,1,0,0,0,0,1,0,0,0,0,0,0,0,1,0,0,0,0
371,201900457,4,0,1,0,0,0,0,0,0,0,0,0,0,0,0,0,1,0,0
372,201900457,5,5,1,0,0,0,0,0,0,0,0,0,0,0,0,0,0,0,1
373,201900457,6,5,0,0,0,0,1,0,0,0,0,1,0,0,0,0,0,0,0
374,201900457,7,0,0,0,0,0,0,0,1,0,0,0,0,0,1,0,0,0,0
375,201900457,8,0,0,0,0,0,1,0,0,0,1,0,0,0,0,0,0,0,0
376,201900457,9,0,0,0,0,0,0,0,1,0,1,0,0,0,0,0,0,0,0
377,201900459,1,0,0,0,0,0,1,0,0,0,1,0,0,0,0,0,0,0,0
378,201900459,2,0,1,0,0,0,0,0,0,0,0,0,0,0,0,0,1,0,0
379,201900459,3,0,0,0,0,0,1,0,0,0,0,0,0,0,1,0,0,0,0
380,201900459,4,0,0,0,0,0,1,0,0,0,0,0,0,0,1,0,0,0,0
381,201900459,5,1,0,0,0,0,0,0,1,0,1,0,0,0,0,0,0,0,0
382,201900459,6,0,0,0,0,0,0,0,1,0,0,0,0,0,1,0,0,0,0
383,201900459,7,0,0,0,0,0,1,0,0,0,0,0,0,0,0,0,1,0,0
384,201900459,8,0,0,0,0,0,1,0,0,0,0,0,0,0,1,0,0,0,0
385,201900459,9,2,0,0,0,0,0,1,0,0,0,0,0,0,1,0,0,0,0
386,201900461,1,0,0,0,0,0,1,0,0,0,0,0,0,0,1,0,0,0,0
387,201900461,2,2,0,0,0,0,0,1,0,0,0,1,0,0,0,0,0,0,0
388,201900461,3,2,0,1,0,0,0,0,0,0,0,0,0,1,0,0,0,0,0
389,201900461,4,0,0,0,0,0,1,0,0,0,0,0,0,0,1,0,0,0,0
390,201900461,5,3,0,0,0,1,0,0,0,0,1,0,0,0,0,0,0,0,0
391,201900461,6,0,0,0,0,0,1,0,0,0,0,0,0,0,1,0,0,0,0
392,201900461,7,2,1,0,0,0,0,0,0,0,0,0,0,1,0,0,0,0,0
393,201900461,8,1,1,0,0,0,0,0,0,0,0,0,0,0,1,0,0,0,0
394,201900461,9,0,0,0,0,0,1,0,0,0,1,0,0,0,0,0,0,0,0
395,201900462,1,1,0,0,0,0,1,0,0,0,0,0,0,0,1,0,0,0,0
396,201900462,2,0,0,0,0,0,1,0,0,0,0,0,0,0,0,0,1,0,0
397,201900462,3,1,1,0,0,0,0,0,0,0,0,0,0,0,0,0,0,0,1
398,201900462,4,1,1,0,0,0,0,0,0,0,0,0,0,0,0,1,0,0,0
399,201900462,5,0,0,0,0,0,1,0,0,0,1,0,0,0,0,0,0,0,0
400,201900462,6,2,0,0,0,0,1,0,0,0,0,0,0,0,0,1,0,0,0
401,201900462,8,0,1,0,0,0,0,0,0,0,0,0,0,0,1,0,0,0,0
402,201900462,9,0,0,0,0,0,1,0,0,0,0,0,0,0,0,0,1,0,0
403,201900468,1,0,0,0,0,0,1,0,0,0,0,0,0,0,0,0,1,0,0
404,201900468,2,5,0,0,0,0,1,0,0,0,1,0,0,0,0,0,0,0,0
405,201900468,3,2,0,0,0,0,0,1,0,0,0,0,0,0,1,0,0,0,0
406,201900468,4,4,0,1,0,0,0,0,0,0,0,0,0,0,0,1,0,0,0
407,201900468,5,0,0,0,0,0,1,0,0,0,0,0,0,0,1,0,0,0,0
408,201900468,6,0,1,0,0,0,0,0,0,0,0,0,0,0,1,0,0,0,0
409,201900468,7,2,0,0,0,0,1,0,0,0,0,0,0,0,1,0,0,0,0
410,201900468,8,0,0,0,0,0,0,0,1,0,0,0,0,0,0,0,1,0,0
411,201900468,9,1,0,0,0,1,0,0,0,0,0,0,0,0,0,0,1,0,0
412,201900469,1,0,0,0,0,0,1,0,0,0,0,0,0,0,0,0,1,0,0
413,201900469,2,0,0,0,0,0,1,0,0,0,0,0,0,0,1,0,0,0,0
414,201900469,3,0,0,1,0,0,0,0,0,0,0,0,0,0,0,0,1,0,0
415,201900469,4,1,0,0,0,0,1,0,0,0,0,0,0,0,0,0,1,0,0
416,201900469,5,0,0,1,0,0,0,0,0,0,0,0,0,0,1,0,0,0,0
417,201900469,6,0,0,0,0,0,1,0,0,0,0,0,0,0,1,0,0,0,0
418,201900469,7,0,0,0,0,0,1,0,0,0,0,0,0,0,1,0,0,0,0
419,201900469,8,0,0,0,0,0,1,0,0,0,0,0,0,0,0,0,1,0,0
420,201900469,9,0,0,0,0,0,1,0,0,0,1,0,0,0,0,0,0,0,0
421,201900478,1,1,0,0,0,0,1,0,0,0,0,0,0,0,1,0,0,0,0
422,201900478,2,2,1,0,0,0,0,0,0,0,0,0,0,0,1,0,0,0,0
423,201900478,3,2,0,0,0,0,0,1,0,0,0,0,0,0,1,0,0,0,0
424,201900478,4,1,0,0,0,0,1,0,0,0,0,0,0,1,0,0,0,0,0
425,201900478,5,2,0,0,0,0,0,1,0,0,1,0,0,0,0,0,0,0,0
426,201900478,6,2,0,0,0,0,1,0,0,0,0,0,0,0,0,1,0,0,0
427,201900478,7,0,0,0,0,0,0,0,1,0,0,0,0,0,1,0,0,0,0
428,201900478,8,4,0,1,0,0,0,0,0,0,1,0,0,0,0,0,0,0,0
429,201900478,9,0,0,0,0,0,1,0,0,0,0,0,0,0,1,0,0,0,0
430,201900492,1,0,0,0,0,0,1,0,0,0,0,0,0,0,1,0,0,0,0
431,201900492,2,1,0,1,0,0,0,0,0,0,0,0,0,0,1,0,0,0,0
432,201900492,3,0,0,0,0,0,1,0,0,0,0,0,0,0,0,0,1,0,0
433,201900492,4,0,0,0,0,0,1,0,0,0,0,0,0,0,1,0,0,0,0
434,201900492,5,1,1,0,0,0,0,0,0,0,0,0,0,0,0,0,0,0,1
435,201900492,6,0,0,0,0,0,0,0,1,0,0,0,0,0,0,0,1,0,0
436,201900492,7,0,0,0,0,0,0,0,1,0,0,0,0,0,0,1,0,0,0
437,201900492,8,7,0,0,0,0,1,0,0,0,1,0,0,0,0,0,0,0,0
438,201900492,9,0,0,0,0,0,1,0,0,0,0,0,0,0,0,0,1,0,0
439,201900520,1,0,0,0,0,0,1,0,0,0,0,0,0,0,1,0,0,0,0
440,201900520,2,0,0,0,0,0,1,0,0,0,0,0,0,0,0,0,1,0,0
441,201900520,3,1,0,1,0,0,0,0,0,0,0,0,0,0,0,0,0,0,1
442,201900520,4,0,0,0,0,0,1,0,0,0,0,0,0,0,0,1,0,0,0
443,201900520,5,0,0,0,0,0,1,0,0,0,0,0,0,0,1,0,0,0,0
444,201900520,6,1,0,1,0,0,0,0,0,0,0,0,0,0,1,0,0,0,0
445,201900520,7,0,0,1,0,0,0,0,0,0,0,0,0,0,0,0,1,0,0
446,201900520,8,0,0,0,0,0,1,0,0,0,0,0,0,0,1,0,0,0,0
447,201900520,9,0,0,0,0,0,1,0,0,0,0,0,0,0,0,0,1,0,0
448,201900571,2,1,0,0,0,0,1,0,0,0,1,0,0,0,0,0,0,0,0
449,201900571,3,1,1,0,0,0,0,0,0,0,0,0,0,0,1,0,0,0,0
450,201900571,4,0,0,0,0,0,1,0,0,0,0,0,0,0,1,0,0,0,0
451,201900571,5,0,1,0,0,0,0,0,0,0,0,0,0,0,1,0,0,0,0
452,201900571,6,0,0,0,0,0,1,0,0,0,0,0,0,0,1,0,0,0,0
453,201900571,7,1,0,0,0,1,0,0,0,0,0,0,0,0,0,0,1,0,0
454,201900571,8,2,0,0,0,0,1,0,0,0,0,0,1,0,0,0,0,0,0
455,201900571,9,1,0,0,0,0,0,0,1,0,0,0,0,1,0,0,0,0,0
456,201900574,1,0,1,0,0,0,0,0,0,0,0,0,0,0,1,0,0,0,0
457,201900574,2,0,0,0,0,0,1,0,0,0,0,0,0,0,0,1,0,0,0
458,201900574,3,0,0,0,0,0,0,0,1,0,0,0,0,0,0,0,1,0,0
459,201900574,4,0,0,0,0,0,0,1,0,0,0,0,0,0,1,0,0,0,0
460,201900574,5,1,1,0,0,0,0,0,0,0,0,0,0,0,1,0,0,0,0
461,201900574,6,0,0,1,0,0,0,0,0,0,0,0,0,0,0,1,0,0,0
462,201900574,7,0,1,0,0,0,0,0,0,0,0,0,0,0,0,0,1,0,0
463,201900574,8,0,1,0,0,0,0,0,0,0,0,0,0,0,1,0,0,0,0
464,201900574,9,1,1,0,0,0,0,0,0,0,0,0,0,0,0,0,0,0,1
465,201900591,1,2,0,0,0,0,0,1,0,0,0,0,0,0,0,0,1,0,0
466,201900591,2,1,0,0,0,0,0,0,1,0,0,0,0,0,1,0,0,0,0
467,201900591,3,0,0,0,0,0,0,0,1,0,0,0,0,0,0,0,1,0,0
468,201900591,4,0,0,0,0,0,1,0,0,0,0,0,0,0,0,0,1,0,0
469,201900591,5,0,0,0,0,0,0,0,1,0,0,0,0,0,1,0,0,0,0
470,201900591,6,0,1,0,0,0,0,0,0,0,1,0,0,0,0,0,0,0,0
471,201900591,7,2,0,1,0,0,0,0,0,0,1,0,0,0,0,0,0,0,0
472,201900591,8,0,0,0,0,0,1,0,0,0,0,0,0,0,1,0,0,0,0
473,201900591,9,0,0,0,0,0,0,0,0,1,0,0,0,0,1,0,0,0,0
474,201900595,1,3,1,0,0,0,0,0,0,0,0,0,0,0,1,0,0,0,0
475,201900595,2,0,0,0,0,0,1,0,0,0,0,0,0,0,1,0,0,0,0
476,201900595,3,0,0,0,0,0,1,0,0,0,1,0,0,0,0,0,0,0,0
477,201900595,4,0,0,0,0,0,0,1,0,0,0,0,0,0,1,0,0,0,0
478,201900595,5,0,0,0,0,0,1,0,0,0,1,0,0,0,0,0,0,0,0
479,201900595,6,0,0,0,0,0,1,0,0,0,0,0,0,0,1,0,0,0,0
480,201900595,7,5,0,0,0,0,0,1,0,0,0,0,0,0,0,0,0,1,0
481,201900595,8,2,0,0,0,0,0,0,1,0,1,0,0,0,0,0,0,0,0
482,201900595,9,0,0,0,0,0,0,1,0,0,0,0,0,0,1,0,0,0,0
483,201900632,1,2,0,0,0,0,0,0,0,1,0,0,0,1,0,0,0,0,0
484,201900632,2,0,0,0,0,0,1,0,0,0,0,0,0,0,0,0,1,0,0
485,201900632,3,0,0,0,0,0,0,0,0,1,0,0,0,0,1,0,0,0,0
486,201900632,4,1,1,0,0,0,0,0,0,0,0,0,0,0,1,0,0,0,0
487,201900632,5,0,0,0,0,0,0,0,1,0,0,0,0,0,1,0,0,0,0
488,201900632,6,2,0,0,0,0,1,0,0,0,0,0,0,0,1,0,0,0,0
489,201900632,7,0,0,0,0,0,1,0,0,0,1,0,0,0,0,0,0,0,0
490,201900632,8,0,0,0,0,0,1,0,0,0,0,1,0,0,0,0,0,0,0
491,201900632,9,1,0,0,0,1,0,0,0,0,0,0,0,0,1,0,0,0,0
492,201900637,1,0,0,0,0,0,0,0,1,0,0,0,0,0,1,0,0,0,0
493,201900637,2,0,1,0,0,0,0,0,0,0,1,0,0,0,0,0,0,0,0
494,201900637,3,2,0,0,0,1,0,0,0,0,0,0,0,0,0,0,1,0,0
495,201900637,5,0,0,0,0,0,1,0,0,0,0,0,0,0,0,0,1,0,0
496,201900637,6,0,0,0,0,0,1,0,0,0,0,0,0,0,1,0,0,0,0
497,201900637,7,0,0,0,0,0,0,0,1,0,0,0,0,0,1,0,0,0,0
498,201900637,8,1,0,0,0,0,1,0,0,0,1,0,0,0,0,0,0,0,0
499,201900637,9,1,1,0,0,0,0,0,0,0,1,0,0,0,0,0,0,0,0
500,201900644,1,0,0,0,0,0,0,0,1,0,0,0,0,0,1,0,0,0,0
501,201900644,2,0,0,0,0,0,0,0,1,0,0,0,0,0,1,0,0,0,0
502,201900644,3,3,0,1,0,0,0,0,0,0,1,0,0,0,0,0,0,0,0
503,201900644,4,1,0,0,0,1,0,0,0,0,0,0,0,0,1,0,0,0,0
504,201900644,5,0,0,0,0,0,1,0,0,0,0,0,0,0,1,0,0,0,0
505,201900644,6,0,0,0,0,0,0,0,1,0,0,0,0,0,1,0,0,0,0
506,201900644,7,0,0,0,0,0,0,1,0,0,0,0,0,0,1,0,0,0,0
507,201900644,8,1,0,0,0,0,1,0,0,0,0,1,0,0,0,0,0,0,0
508,201900644,9,0,0,0,0,0,1,0,0,0,0,0,0,0,0,0,1,0,0
509,201900683,1,0,0,0,0,0,0,0,1,0,0,0,0,0,0,0,1,0,0
510,201900683,2,0,0,0,0,0,1,0,0,0,0,0,0,0,1,0,0,0,0
511,201900683,3,3,1,0,0,0,0,0,0,0,0,0,0,0,1,0,0,0,0
512,201900683,5,0,0,1,0,0,0,0,0,0,1,0,0,0,0,0,0,0,0
513,201900683,6,0,0,0,0,0,1,0,0,0,0,0,0,0,1,0,0,0,0
514,201900683,7,2,0,0,0,0,1,0,0,0,0,0,0,0,0,1,0,0,0
515,201900683,8,0,0,0,0,0,0,0,1,0,0,0,0,0,0,0,1,0,0
516,201900683,9,2,1,0,0,0,0,0,0,0,0,0,0,1,0,0,0,0,0
517,201900684,2,0,0,0,0,0,1,0,0,0,0,0,0,0,1,0,0,0,0
518,201900684,3,0,0,0,0,0,0,1,0,0,0,0,0,0,1,0,0,0,0
519,201900684,4,0,0,0,0,0,1,0,0,0,1,0,0,0,0,0,0,0,0
520,201900684,5,1,0,1,0,0,0,0,0,0,1,0,0,0,0,0,0,0,0
521,201900684,6,0,0,0,0,0,1,0,0,0,0,0,0,0,0,0,1,0,0
522,201900684,7,0,0,0,0,0,1,0,0,0,0,0,0,0,1,0,0,0,0
523,201900684,8,1,0,0,0,0,1,0,0,0,0,1,0,0,0,0,0,0,0
524,201900684,9,0,0,0,0,0,1,0,0,0,0,0,0,0,0,0,1,0,0
525,201900688,1,0,0,0,0,0,1,0,0,0,0,0,0,0,1,0,0,0,0
526,201900688,2,0,0,0,0,0,1,0,0,0,0,0,0,0,1,0,0,0,0
527,201900688,3,1,0,0,0,1,0,0,0,0,1,0,0,0,0,0,0,0,0
528,201900688,4,0,1,0,0,0,0,0,0,0,0,0,0,0,0,1,0,0,0
529,201900688,5,0,0,0,0,0,1,0,0,0,0,0,0,0,1,0,0,0,0
530,201900688,6,0,0,0,0,0,1,0,0,0,0,0,0,0,1,0,0,0,0
531,201900688,7,0,0,0,0,0,1,0,0,0,0,0,0,0,1,0,0,0,0
532,201900688,8,2,1,0,0,0,0,0,0,0,0,0,0,0,1,0,0,0,0
533,201900688,9,2,0,0,0,0,0,0,1,0,0,0,0,0,1,0,0,0,0
534,201900691,1,2,0,0,0,0,1,0,0,0,0,0,0,0,1,0,0,0,0
535,201900691,2,0,0,0,0,0,1,0,0,0,0,0,0,0,1,0,0,0,0
536,201900691,3,4,0,0,0,0,0,1,0,0,0,0,0,0,1,0,0,0,0
537,201900691,4,0,0,0,0,0,0,0,1,0,1,0,0,0,0,0,0,0,0
538,201900691,5,0,0,0,0,0,1,0,0,0,0,0,0,0,0,0,1,0,0
539,201900691,6,2,0,0,0,0,1,0,0,0,0,0,0,0,0,1,0,0,0
540,201900691,7,2,0,1,0,0,0,0,0,0,0,0,0,0,1,0,0,0,0
541,201900691,8,0,0,0,0,0,1,0,0,0,1,0,0,0,0,0,0,0,0
542,201900691,9,2,0,0,0,1,0,0,0,0,0,0,0,1,0,0,0,0,0
543,201900695,1,0,0,0,0,0,0,0,1,0,0,0,0,0,1,0,0,0,0
544,201900695,2,1,0,0,0,1,0,0,0,0,0,0,0,0,1,0,0,0,0
545,201900695,3,1,0,0,0,0,1,0,0,0,0,0,0,1,0,0,0,0,0
546,201900695,4,1,0,1,0,0,0,0,0,0,0,0,0,0,1,0,0,0,0
547,201900695,5,0,1,0,0,0,0,0,0,0,0,0,0,0,1,0,0,0,0
548,201900695,6,0,0,0,0,0,0,0,0,1,0,0,0,0,1,0,0,0,0
549,201900695,7,1,0,0,0,0,1,0,0,0,0,1,0,0,0,0,0,0,0
550,201900695,8,0,0,0,0,0,1,0,0,0,0,0,0,0,0,0,1,0,0
551,201900695,9,2,0,0,0,0,1,0,0,0,0,0,0,0,0,1,0,0,0
552,201900710,1,0,0,0,0,0,1,0,0,0,0,1,0,0,0,0,0,0,0
553,201900710,2,0,0,0,0,0,1,0,0,0,0,0,0,0,0,0,1,0,0
554,201900710,3,0,0,0,0,0,1,0,0,0,0,0,0,0,0,0,1,0,0
555,201900710,4,0,0,0,0,0,0,1,0,0,0,0,0,0,1,0,0,0,0
556,201900710,5,0,0,0,0,0,1,0,0,0,1,0,0,0,0,0,0,0,0
557,201900710,6,0,0,0,0,0,1,0,0,0,0,0,0,0,1,0,0,0,0
558,201900710,7,2,1,0,0,0,0,0,0,0,0,0,0,0,1,0,0,0,0
559,201900710,8,0,0,0,0,0,1,0,0,0,0,0,0,0,1,0,0,0,0
560,201900710,9,0,0,0,0,0,1,0,0,0,0,1,0,0,0,0,0,0,0
561,201900712,1,0,0,0,0,0,1,0,0,0,0,0,0,0,0,0,1,0,0
562,201900712,2,1,0,0,0,1,0,0,0,0,0,0,0,0,1,0,0,0,0
563,201900712,3,0,0,0,0,0,0,1,0,0,0,0,0,0,0,0,0,0,1
564,201900712,4,0,0,0,0,0,1,0,0,0,0,0,0,0,0,0,1,0,0
565,201900712,5,0,0,0,0,0,1,0,0,0,0,0,0,0,1,0,0,0,0
566,201900712,6,0,0,0,0,0,1,0,0,0,1,0,0,0,0,0,0,0,0
567,201900712,7,2,0,0,0,0,0,0,1,0,1,0,0,0,0,0,0,0,0
568,201900712,8,2,1,0,0,0,0,0,0,0,0,1,0,0,0,0,0,0,0
569,201900712,9,0,0,0,0,0,1,0,0,0,1,0,0,0,0,0,0,0,0
570,201900719,1,0,1,0,0,0,0,0,0,0,0,0,0,0,1,0,0,0,0
571,201900719,2,1,1,0,0,0,0,0,0,0,0,0,0,0,1,0,0,0,0
572,201900719,3,6,1,0,0,0,0,0,0,0,0,0,0,0,0,0,0,0,1
573,201900719,4,0,0,0,0,0,1,0,0,0,0,0,0,0,0,0,1,0,0
574,201900719,5,0,0,0,0,0,0,1,0,0,0,0,0,0,1,0,0,0,0
575,201900719,6,0,0,0,0,0,0,1,0,0,0,0,0,0,1,0,0,0,0
576,201900719,7,1,0,0,0,0,0,1,0,0,0,0,1,0,0,0,0,0,0
577,201900719,8,0,0,0,0,0,0,0,1,0,0,0,0,0,1,0,0,0,0
578,201900719,9,0,0,0,0,0,1,0,0,0,0,0,0,0,1,0,0,0,0
579,201900759,1,1,0,1,0,0,0,0,0,0,0,0,0,0,1,0,0,0,0
580,201900759,2,0,0,0,0,0,1,0,0,0,0,1,0,0,0,0,0,0,0
581,201900759,3,1,0,0,0,0,1,0,0,0,0,1,0,0,0,0,0,0,0
582,201900759,4,1,0,0,0,0,0,0,1,0,0,0,0,0,1,0,0,0,0
583,201900759,5,3,0,1,0,0,0,0,0,0,0,1,0,0,0,0,0,0,0
584,201900759,6,1,0,1,0,0,0,0,0,0,0,0,0,0,0,0,0,0,1
585,201900759,7,0,0,0,0,0,0,0,1,0,0,0,0,0,1,0,0,0,0
586,201900759,8,0,0,0,0,0,1,0,0,0,0,0,0,0,0,1,0,0,0
587,201900759,9,0,0,0,0,0,1,0,0,0,0,0,0,0,0,1,0,0,0
588,201900788,1,0,0,0,0,0,1,0,0,0,1,0,0,0,0,0,0,0,0
589,201900788,2,0,1,0,0,0,0,0,0,0,0,0,0,0,1,0,0,0,0
590,201900788,3,1,0,0,0,0,0,0,1,0,0,0,0,0,0,0,1,0,0
591,201900788,4,0,0,0,0,0,1,0,0,0,1,0,0,0,0,0,0,0,0
592,201900788,5,0,0,0,0,0,0,0,1,0,0,0,0,0,1,0,0,0,0
593,201900788,6,0,0,1,0,0,0,0,0,0,0,0,0,0,0,0,1,0,0
594,201900788,7,1,0,0,0,0,0,1,0,0,0,0,0,0,0,0,0,0,1
595,201900788,8,1,0,0,0,0,1,0,0,0,1,0,0,0,0,0,0,0,0
596,201900788,9,0,0,0,0,0,0,0,1,0,0,0,0,0,1,0,0,0,0
597,201900810,1,0,1,0,0,0,0,0,0,0,0,0,0,0,0,0,0,0,1
598,201900810,2,0,0,0,0,0,1,0,0,0,1,0,0,0,0,0,0,0,0
599,201900810,3,0,0,0,0,0,1,0,0,0,1,0,0,0,0,0,0,0,0
600,201900810,4,1,1,0,0,0,0,0,0,0,0,0,0,0,0,0,1,0,0
601,201900810,5,0,0,0,0,0,1,0,0,0,0,0,0,0,0,0,0,1,0
602,201900810,6,3,0,1,0,0,0,0,0,0,0,1,0,0,0,0,0,0,0
603,201900810,7,1,0,0,0,1,0,0,0,0,0,0,0,0,1,0,0,0,0
604,201900810,8,0,0,0,0,0,0,0,1,0,1,0,0,0,0,0,0,0,0
605,201900810,9,0,0,0,0,0,1,0,0,0,0,0,0,0,1,0,0,0,0
606,201900814,1,2,0,0,0,0,1,0,0,0,1,0,0,0,0,0,0,0,0
607,201900814,2,1,0,1,0,0,0,0,0,0,0,0,0,0,0,0,0,1,0
608,201900814,3,3,0,0,0,0,0,1,0,0,1,0,0,0,0,0,0,0,0
609,201900814,4,1,0,0,0,0,1,0,0,0,0,0,0,0,1,0,0,0,0
610,201900814,5,1,0,1,0,0,0,0,0,0,0,0,0,0,1,0,0,0,0
611,201900814,6,2,1,0,0,0,0,0,0,0,0,0,0,0,0,0,1,0,0
612,201900814,7,4,0,0,1,0,0,0,0,0,0,0,0,0,0,1,0,0,0
613,201900814,8,0,0,0,0,0,0,0,1,0,0,0,0,0,1,0,0,0,0
614,201900814,9,0,0,0,0,0,1,0,0,0,1,0,0,0,0,0,0,0,0
615,201900815,1,0,0,0,0,0,0,0,1,0,0,0,0,0,1,0,0,0,0
616,201900815,2,0,0,0,0,0,1,0,0,0,0,0,0,0,1,0,0,0,0
617,201900815,3,0,0,0,0,0,0,0,1,0,0,0,0,0,1,0,0,0,0
618,201900815,4,1,1,0,0,0,0,0,0,0,0,0,0,0,0,0,1,0,0
619,201900815,5,0,0,0,0,0,0,0,1,0,0,0,0,0,1,0,0,0,0
620,201900815,6,0,1,0,0,0,0,0,0,0,0,0,0,0,0,0,1,0,0
621,201900815,7,0,0,0,0,0,1,0,0,0,0,0,0,0,0,0,1,0,0
622,201900815,8,1,0,0,0,1,0,0,0,0,1,0,0,0,0,0,0,0,0
623,201900815,9,2,0,0,0,0,0,1,0,0,0,0,0,0,1,0,0,0,0
624,201900817,1,2,0,0,0,0,1,0,0,0,1,0,0,0,0,0,0,0,0
625,201900817,2,1,1,0,0,0,0,0,0,0,0,0,0,0,0,0,1,0,0
626,201900817,3,0,0,0,0,0,0,0,1,0,0,0,0,0,1,0,0,0,0
627,201900817,4,0,0,0,0,0,1,0,0,0,0,0,0,0,0,0,1,0,0
628,201900817,5,2,0,0,0,0,1,0,0,0,1,0,0,0,0,0,0,0,0
629,201900817,6,1,0,1,0,0,0,0,0,0,0,0,0,0,0,0,0,0,1
630,201900817,7,2,0,0,0,1,0,0,0,0,0,0,0,1,0,0,0,0,0
631,201900817,8,0,0,0,0,0,1,0,0,0,0,0,0,0,1,0,0,0,0
632,201900817,9,0,0,0,0,0,1,0,0,0,0,0,0,0,1,0,0,0,0
633,201900818,1,0,0,0,0,0,1,0,0,0,0,0,0,0,0,1,0,0,0
634,201900818,2,0,0,0,0,0,0,0,1,0,0,0,0,0,1,0,0,0,0
635,201900818,3,0,0,0,0,0,1,0,0,0,0,0,0,0,0,0,1,0,0
636,201900818,4,0,0,0,0,0,1,0,0,0,1,0,0,0,0,0,0,0,0
637,201900818,5,0,0,0,0,0,1,0,0,0,1,0,0,0,0,0,0,0,0
638,201900818,6,3,1,0,0,0,0,0,0,0,0,0,0,0,0,0,1,0,0
639,201900818,7,4,0,1,0,0,0,0,0,0,0,0,0,0,0,0,0,0,1
640,201900818,8,0,0,0,0,0,1,0,0,0,0,0,0,0,0,0,1,0,0
641,201900818,9,0,0,0,0,0,0,0,1,0,1,0,0,0,0,0,0,0,0
642,201900828,1,0,0,0,0,0,1,0,0,0,1,0,0,0,0,0,0,0,0
643,201900828,2,0,0,0,0,0,0,0,1,0,0,0,0,0,0,0,1,0,0
644,201900828,3,0,0,0,0,0,1,0,0,0,0,0,0,0,0,0,1,0,0
645,201900828,4,0,0,0,0,0,0,1,0,0,0,0,0,0,1,0,0,0,0
646,201900828,5,0,0,0,0,0,1,0,0,0,0,0,0,0,0,0,1,0,0
647,201900828,6,3,1,0,0,0,0,0,0,0,1,0,0,0,0,0,0,0,0
648,201900828,7,1,0,0,0,0,0,0,1,0,0,0,0,1,0,0,0,0,0
649,201900828,8,0,0,0,0,0,0,0,1,0,0,0,0,0,0,0,1,0,0
650,201900828,9,0,0,0,0,0,0,0,1,0,0,0,0,0,1,0,0,0,0
651,201900839,1,0,0,0,0,0,1,0,0,0,0,0,0,0,1,0,0,0,0
652,201900839,2,0,1,0,0,0,0,0,0,0,0,0,0,0,1,0,0,0,0
653,201900839,3,0,0,0,0,0,1,0,0,0,0,0,0,0,0,1,0,0,0
654,201900839,4,0,1,0,0,0,0,0,0,0,0,0,0,0,0,0,1,0,0
655,201900839,5,0,0,0,0,0,1,0,0,0,0,0,0,0,1,0,0,0,0
656,201900839,6,0,0,0,0,0,0,0,1,0,0,0,0,0,0,1,0,0,0
657,201900839,7,2,0,0,0,0,1,0,0,0,0,0,0,1,0,0,0,0,0
658,201900839,8,1,0,0,0,1,0,0,0,0,0,0,0,0,1,0,0,0,0
659,201900839,9,0,1,0,0,0,0,0,0,0,0,0,0,0,0,0,1,0,0
660,201900843,1,1,0,0,0,0,1,0,0,0,0,1,0,0,0,0,0,0,0
661,201900843,2,0,0,0,0,0,1,0,0,0,0,0,0,0,0,0,1,0,0
662,201900843,3,0,0,0,0,0,1,0,0,0,0,0,0,0,1,0,0,0,0
663,201900843,4,0,0,0,0,0,0,0,1,0,0,0,0,0,1,0,0,0,0
664,201900843,5,2,0,0,0,0,0,1,0,0,0,0,0,0,1,0,0,0,0
665,201900843,6,0,0,0,0,0,0,0,1,0,1,0,0,0,0,0,0,0,0
666,201900843,7,0,0,0,0,0,1,0,0,0,0,0,0,0,0,0,1,0,0
667,201900843,8,0,0,0,0,0,1,0,0,0,0,0,0,0,0,1,0,0,0
668,201900843,9,2,0,0,0,0,0,0,0,1,0,0,0,0,0,0,0,0,1
669,201900844,1,0,0,0,0,0,0,0,1,0,0,0,0,0,0,1,0,0,0
670,201900844,2,3,0,0,0,0,0,1,0,0,1,0,0,0,0,0,0,0,0
671,201900844,3,0,1,0,0,0,0,0,0,0,1,0,0,0,0,0,0,0,0
672,201900844,4,0,0,0,0,0,1,0,0,0,0,0,0,0,0,0,1,0,0
673,201900844,5,0,0,1,0,0,0,0,0,0,0,0,0,0,1,0,0,0,0
674,201900844,6,0,0,0,0,0,1,0,0,0,1,0,0,0,0,0,0,0,0
675,201900844,7,0,1,0,0,0,0,0,0,0,0,0,0,0,0,0,0,0,1
676,201900844,8,2,0,0,0,0,0,0,1,0,0,0,0,0,1,0,0,0,0
677,201900844,9,0,0,0,0,0,0,0,1,0,0,0,0,0,0,0,1,0,0
678,201900852,1,0,0,0,0,0,0,0,1,0,0,0,0,0,1,0,0,0,0
679,201900852,2,0,0,0,0,0,1,0,0,0,0,0,0,0,1,0,0,0,0
680,201900852,3,0,0,0,0,0,1,0,0,0,0,0,0,0,0,0,1,0,0
681,201900852,4,1,0,0,0,0,1,0,0,0,1,0,0,0,0,0,0,0,0
682,201900852,5,0,0,0,0,0,1,0,0,0,1,0,0,0,0,0,0,0,0
683,201900852,6,1,0,0,0,0,0,0,1,0,0,0,0,1,0,0,0,0,0
684,201900852,7,2,0,1,0,0,0,0,0,0,0,0,0,0,0,0,0,0,1
685,201900852,8,0,0,0,0,0,0,0,1,0,0,0,0,0,1,0,0,0,0
686,201900852,9,1,0,0,0,0,1,0,0,0,0,0,0,0,0,1,0,0,0
687,201900872,1,0,0,0,0,0,1,0,0,0,0,0,0,0,1,0,0,0,0
688,201900872,2,1,0,0,0,0,0,1,0,0,1,0,0,0,0,0,0,0,0
689,201900872,3,2,0,0,0,0,1,0,0,0,1,0,0,0,0,0,0,0,0
690,201900872,4,0,0,0,0,0,1,0,0,0,1,0,0,0,0,0,0,0,0
691,201900872,5,1,0,1,0,0,0,0,0,0,0,0,0,0,1,0,0,0,0
692,201900872,6,0,0,0,0,0,1,0,0,0,0,0,0,0,1,0,0,0,0
693,201900872,7,0,0,0,0,0,0,0,1,0,1,0,0,0,0,0,0,0,0
694,201900872,8,0,0,0,0,0,0,0,1,0,0,0,0,0,0,0,1,0,0
695,201900872,9,0,0,0,0,0,1,0,0,0,0,0,0,0,0,0,1,0,0
696,201900938,1,0,0,0,0,0,1,0,0,0,0,0,0,0,1,0,0,0,0
697,201900938,2,0,0,0,0,0,0,0,1,0,0,0,0,0,1,0,0,0,0
698,201900938,3,0,1,0,0,0,0,0,0,0,0,0,0,0,0,0,0,0,1
699,201900938,4,0,0,0,0,0,0,0,1,0,0,0,0,0,1,0,0,0,0
700,201900938,5,0,1,0,0,0,0,0,0,0,0,0,0,0,1,0,0,0,0
701,201900938,6,0,0,0,0,0,1,0,0,0,0,0,1,0,0,0,0,0,0
702,201900938,7,3,1,0,0,0,0,0,0,0,1,0,0,0,0,0,0,0,0
703,201900938,8,0,0,0,0,0,1,0,0,0,0,0,0,0,1,0,0,0,0
704,201900938,9,1,0,1,0,0,0,0,0,0,0,0,0,0,0,0,0,0,1
705,201900987,1,0,0,1,0,0,0,0,0,0,0,0,0,0,1,0,0,0,0
706,201900987,2,0,0,0,0,0,0,0,1,0,0,0,0,0,1,0,0,0,0
707,201900987,3,0,0,0,0,0,1,0,0,0,0,0,0,0,1,0,0,0,0
708,201900987,4,0,0,0,0,0,0,1,0,0,0,0,0,0,1,0,0,0,0
709,201900987,5,1,1,0,0,0,0,0,0,0,0,0,0,0,1,0,0,0,0
710,201900987,6,3,0,0,0,0,1,0,0,0,0,0,0,0,1,0,0,0,0
711,201900987,7,0,0,0,0,0,0,0,1,0,0,0,0,0,0,0,1,0,0
712,201900987,8,0,0,0,0,0,1,0,0,0,0,0,0,0,1,0,0,0,0
713,201900987,9,0,1,0,0,0,0,0,0,0,0,0,0,0,0,0,1,0,0
714,201900998,1,1,0,0,0,0,0,1,0,0,0,0,0,0,0,1,0,0,0
715,201900998,2,0,0,0,0,0,1,0,0,0,0,0,0,0,0,0,1,0,0
716,201900998,3,0,0,0,0,0,1,0,0,0,0,0,0,0,1,0,0,0,0
717,201900998,4,1,0,0,0,0,1,0,0,0,0,1,0,0,0,0,0,0,0
718,201900998,5,0,0,0,0,0,1,0,0,0,0,0,0,0,1,0,0,0,0
719,201900998,6,0,0,0,0,0,0,0,1,0,0,0,0,0,1,0,0,0,0
720,201900998,7,0,0,0,0,0,1,0,0,0,0,0,0,0,0,0,1,0,0
721,201900998,8,1,0,0,0,0,0,1,0,0,0,1,0,0,0,0,0,0,0
722,201900998,9,0,0,0,0,0,1,0,0,0,0,0,0,0,0,0,1,0,0
723,201901026,1,0,0,0,0,0,1,0,0,0,0,0,0,0,1,0,0,0,0
724,201901026,2,1,0,0,0,0,1,0,0,0,1,0,0,0,0,0,0,0,0
725,201901026,3,2,1,0,0,0,0,0,0,0,0,0,0,1,0,0,0,0,0
726,201901026,4,1,0,0,0,1,0,0,0,0,0,0,0,0,1,0,0,0,0
727,201901026,5,1,0,0,0,0,1,0,0,0,0,0,0,0,1,0,0,0,0
728,201901026,6,0,0,0,0,0,1,0,0,0,0,0,0,0,0,0,1,0,0
729,201901026,7,2,0,0,0,0,0,1,0,0,0,0,0,0,1,0,0,0,0
730,201901026,8,1,0,1,0,0,0,0,0,0,0,0,0,0,0,0,0,0,1
731,201901026,9,0,0,0,0,0,0,1,0,0,0,0,0,0,0,0,1,0,0
732,201901027,1,0,0,0,0,0,1,0,0,0,1,0,0,0,0,0,0,0,0
733,201901027,2,0,0,0,0,0,1,0,0,0,1,0,0,0,0,0,0,0,0
734,201901027,3,0,1,0,0,0,0,0,0,0,0,0,0,0,0,0,0,0,1
735,201901027,4,1,1,0,0,0,0,0,0,0,0,0,0,0,1,0,0,0,0
736,201901027,5,4,0,0,0,0,1,0,0,0,0,1,0,0,0,0,0,0,0
737,201901027,6,0,0,0,0,0,1,0,0,0,0,0,0,0,0,0,1,0,0
738,201901027,7,3,0,1,0,0,0,0,0,0,0,0,0,0,1,0,0,0,0
739,201901027,8,3,0,0,1,0,0,0,0,0,0,0,0,1,0,0,0,0,0
740,201901027,9,0,0,0,0,0,0,0,1,0,0,0,0,0,1,0,0,0,0
741,201901030,1,0,0,1,0,0,0,0,0,0,0,0,0,0,0,0,1,0,0
742,201901030,2,0,0,0,0,0,1,0,0,0,0,0,0,0,1,0,0,0,0
743,201901030,3,1,0,1,0,0,0,0,0,0,0,0,0,0,0,0,0,0,1
744,201901030,4,0,0,0,0,0,1,0,0,0,0,0,0,0,1,0,0,0,0
745,201901030,5,3,0,0,0,0,0,0,1,0,0,0,0,0,0,1,0,0,0
746,201901030,6,0,0,0,0,0,0,0,1,0,0,0,0,0,1,0,0,0,0
747,201901030,7,0,0,0,0,0,1,0,0,0,0,0,0,0,1,0,0,0,0
748,201901030,8,4,0,0,0,1,0,0,0,0,0,0,0,0,1,0,0,0,0
749,201901030,9,1,0,0,0,1,0,0,0,0,0,0,0,0,0,1,0,0,0
750,201901041,1,0,0,0,0,0,1,0,0,0,0,0,0,0,0,1,0,0,0
751,201901041,2,0,0,0,0,0,1,0,0,0,1,0,0,0,0,0,0,0,0
752,201901041,3,3,0,0,0,0,0,0,1,0,0,0,0,0,1,0,0,0,0
753,201901041,4,1,0,0,0,0,1,0,0,0,0,0,0,1,0,0,0,0,0
754,201901041,5,0,0,0,0,0,0,0,1,0,0,0,0,0,1,0,0,0,0
755,201901041,6,0,0,0,0,0,0,1,0,0,0,0,0,0,0,0,1,0,0
756,201901041,7,0,0,0,0,0,0,0,1,0,0,0,0,0,1,0,0,0,0
757,201901041,8,0,0,0,0,0,1,0,0,0,0,0,0,0,0,0,1,0,0
758,201901041,9,2,1,0,0,0,0,0,0,0,0,0,0,0,0,0,0,0,1
759,201901080,1,0,0,0,0,0,1,0,0,0,0,0,0,0,0,1,0,0,0
760,201901080,2,0,0,0,0,0,1,0,0,0,1,0,0,0,0,0,0,0,0
761,201901080,3,2,0,0,0,0,0,0,1,0,0,0,0,0,0,0,1,0,0
762,201901080,4,2,1,0,0,0,0,0,0,0,0,0,0,0,0,0,0,0,1
763,201901080,5,0,0,0,0,0,0,0,1,0,0,0,0,0,1,0,0,0,0
764,201901080,6,0,0,0,0,0,0,0,1,0,0,0,0,0,1,0,0,0,0
765,201901080,7,0,0,0,0,0,0,0,1,0,0,0,0,0,1,0,0,0,0
766,201901080,8,1,0,0,0,0,1,0,0,0,0,0,0,0,0,1,0,0,0
767,201901080,9,0,0,0,0,0,1,0,0,0,0,0,0,0,0,0,1,0,0
768,201901082,1,2,1,0,0,0,0,0,0,0,1,0,0,0,0,0,0,0,0
769,201901082,2,0,0,1,0,0,0,0,0,0,0,0,0,0,1,0,0,0,0
770,201901082,3,1,0,0,0,0,1,0,0,0,0,0,0,1,0,0,0,0,0
771,201901082,4,3,0,0,0,0,1,0,0,0,1,0,0,0,0,0,0,0,0
772,201901082,5,0,0,0,0,0,0,0,1,0,0,0,0,0,0,0,1,0,0
773,201901082,6,1,0,1,0,0,0,0,0,0,0,0,0,0,1,0,0,0,0
774,201901082,7,0,0,0,0,0,0,0,1,0,0,0,0,0,1,0,0,0,0
775,201901082,8,2,0,1,0,0,0,0,0,0,0,0,0,0,1,0,0,0,0
776,201901082,9,0,0,0,0,0,1,0,0,0,0,0,0,0,0,1,0,0,0
777,201901083,2,0,0,0,0,0,0,0,1,0,0,0,0,0,1,0,0,0,0
778,201901083,3,0,0,0,0,0,1,0,0,0,0,0,0,0,0,0,1,0,0
779,201901083,4,0,0,0,0,0,0,1,0,0,0,0,0,0,1,0,0,0,0
780,201901083,5,1,0,0,0,1,0,0,0,0,0,0,0,0,0,0,1,0,0
781,201901083,6,0,0,0,0,0,1,0,0,0,0,0,0,0,1,0,0,0,0
782,201901083,7,2,0,1,0,0,0,0,0,0,0,0,0,1,0,0,0,0,0
783,201901083,8,3,0,1,0,0,0,0,0,0,0,0,0,0,0,0,0,0,1
784,201901083,9,0,0,0,0,0,1,0,0,0,0,0,0,0,1,0,0,0,0
785,201901092,1,5,1,0,0,0,0,0,0,0,0,0,0,0,0,0,0,0,1
786,201901092,2,0,0,0,0,0,0,0,1,0,0,0,0,0,0,1,0,0,0
787,201901092,3,2,0,0,0,0,0,1,0,0,0,1,0,0,0,0,0,0,0
788,201901092,4,0,0,0,0,0,1,0,0,0,0,0,0,0,0,0,1,0,0
789,201901092,5,1,0,0,0,0,1,0,0,0,0,0,0,0,1,0,0,0,0
790,201901092,6,0,0,0,0,0,0,0,1,0,0,0,0,0,1,0,0,0,0
791,201901092,7,0,1,0,0,0,0,0,0,0,1,0,0,0,0,0,0,0,0
792,201901092,8,0,0,0,0,0,1,0,0,0,0,0,0,0,0,1,0,0,0
793,201901092,9,2,0,0,0,0,0,1,0,0,0,0,0,0,1,0,0,0,0
794,201901095,1,0,0,0,0,0,1,0,0,0,1,0,0,0,0,0,0,0,0
795,201901095,2,0,0,0,0,0,0,0,1,0,0,0,0,0,1,0,0,0,0
796,201901095,3,0,0,0,0,0,1,0,0,0,0,0,0,0,0,0,1,0,0
797,201901095,4,0,0,0,0,0,0,0,1,0,0,0,0,0,1,0,0,0,0
798,201901095,5,0,0,0,0,0,1,0,0,0,0,0,0,0,1,0,0,0,0
799,201901095,6,2,0,0,0,0,0,0,1,0,0,0,0,0,0,0,1,0,0
800,201901095,7,0,0,0,0,0,1,0,0,0,0,0,0,0,1,0,0,0,0
801,201901095,8,0,0,0,0,0,1,0,0,0,1,0,0,0,0,0,0,0,0
802,201901095,9,0,0,0,0,0,1,0,0,0,0,0,0,0,1,0,0,0,0
803,201901133,1,0,0,0,0,0,1,0,0,0,0,0,0,0,1,0,0,0,0
804,201901133,2,0,0,0,0,0,1,0,0,0,0,0,0,0,0,1,0,0,0
805,201901133,3,0,0,0,0,0,1,0,0,0,0,0,0,0,1,0,0,0,0
806,201901133,4,3,0,0,0,0,0,0,1,0,1,0,0,0,0,0,0,0,0
807,201901133,5,0,0,0,0,0,1,0,0,0,0,0,0,0,1,0,0,0,0
808,201901133,6,2,0,0,0,0,0,1,0,0,0,0,0,0,0,0,1,0,0
809,201901133,7,1,1,0,0,0,0,0,0,0,0,0,0,0,0,0,0,0,1
810,201901133,8,2,1,0,0,0,0,0,0,0,0,0,0,0,0,1,0,0,0
811,201901133,9,0,0,0,0,0,1,0,0,0,0,0,0,0,0,0,1,0,0
812,201901154,1,1,1,0,0,0,0,0,0,0,0,0,0,0,1,0,0,0,0
813,201901154,2,2,1,0,0,0,0,0,0,0,0,0,0,1,0,0,0,0,0
814,201901154,3,1,0,0,0,0,0,1,0,0,1,0,0,0,0,0,0,0,0
815,201901154,4,0,0,0,0,0,0,1,0,0,0,0,0,0,0,1,0,0,0
816,201901154,5,2,1,0,0,0,0,0,0,0,0,0,0,0,1,0,0,0,0
817,201901154,6,0,0,1,0,0,0,0,0,0,1,0,0,0,0,0,0,0,0
818,201901154,7,0,0,0,0,0,1,0,0,0,0,0,0,0,1,0,0,0,0
819,201901154,8,0,0,0,0,0,1,0,0,0,0,0,0,0,1,0,0,0,0
820,201901154,9,0,0,1,0,0,0,0,0,0,0,0,0,0,0,0,1,0,0
821,201901162,1,0,0,0,0,0,0,0,1,0,0,0,0,0,0,0,1,0,0
822,201901162,2,2,0,0,0,0,1,0,0,0,0,1,0,0,0,0,0,0,0
823,201901162,3,0,0,0,0,0,1,0,0,0,0,0,0,0,1,0,0,0,0
824,201901162,4,0,0,0,0,0,1,0,0,0,1,0,0,0,0,0,0,0,0
825,201901162,5,0,1,0,0,0,0,0,0,0,0,0,0,0,1,0,0,0,0
826,201901162,6,1,0,0,0,0,1,0,0,0,0,0,0,0,0,0,1,0,0
827,201901162,7,2,0,0,0,0,0,1,0,0,0,0,0,0,0,0,0,0,1
828,201901162,8,0,0,0,0,0,0,0,1,0,1,0,0,0,0,0,0,0,0
829,201901162,9,0,0,0,0,0,1,0,0,0,0,0,0,0,0,0,1,0,0
830,201901173,1,1,0,0,0,1,0,0,0,0,0,0,0,0,1,0,0,0,0
831,201901173,2,0,0,0,0,0,0,0,1,0,0,0,0,0,0,0,1,0,0
832,201901173,3,0,0,0,0,0,0,0,1,0,0,0,0,0,1,0,0,0,0
833,201901173,4,0,0,0,0,0,0,0,0,1,0,0,0,0,1,0,0,0,0
834,201901173,5,0,0,0,0,0,1,0,0,0,0,0,0,0,0,0,1,0,0
835,201901173,6,2,0,0,0,0,1,0,0,0,0,0,0,1,0,0,0,0,0
836,201901173,7,0,0,0,0,0,0,1,0,0,0,0,0,0,0,0,0,0,1
837,201901173,8,0,0,0,0,0,1,0,0,0,0,0,0,0,1,0,0,0,0
838,201901173,9,0,0,0,0,0,1,0,0,0,0,0,0,0,1,0,0,0,0
839,201901184,1,3,1,0,0,0,0,0,0,0,0,0,0,0,0,0,0,1,0
840,201901184,2,0,0,0,0,0,1,0,0,0,0,0,0,0,0,0,1,0,0
841,201901184,3,2,0,0,0,1,0,0,0,0,0,0,0,0,0,0,1,0,0
842,201901184,5,0,0,0,0,0,0,0,1,0,0,0,0,0,1,0,0,0,0
843,201901184,6,0,0,0,0,0,0,0,1,0,0,0,0,0,0,0,1,0,0
844,201901184,7,1,0,1,0,0,0,0,0,0,0,0,0,0,0,0,0,0,1
845,201901184,8,0,0,0,0,0,0,0,1,0,0,0,0,0,0,0,0,1,0
846,201901184,9,2,1,0,0,0,0,0,0,0,1,0,0,0,0,0,0,0,0
847,201901186,1,0,0,0,0,0,0,0,1,0,0,0,0,0,0,0,1,0,0
848,201901186,2,0,0,0,0,0,1,0,0,0,0,0,0,0,1,0,0,0,0
849,201901186,3,4,0,0,0,0,0,1,0,0,0,0,0,0,0,0,0,0,1
850,201901186,4,1,0,0,1,0,0,0,0,0,0,0,0,0,0,0,1,0,0
851,201901186,5,0,0,0,0,0,0,0,1,0,0,0,0,0,1,0,0,0,0
852,201901186,6,0,0,0,0,0,1,0,0,0,1,0,0,0,0,0,0,0,0
853,201901186,7,1,0,0,0,0,0,0,1,0,0,1,0,0,0,0,0,0,0
854,201901186,8,0,0,0,0,0,1,0,0,0,0,0,0,0,1,0,0,0,0
855,201901186,9,0,1,0,0,0,0,0,0,0,0,0,0,0,1,0,0,0,0
856,201901198,1,0,0,0,0,0,1,0,0,0,0,0,0,0,1,0,0,0,0
857,201901198,2,0,1,0,0,0,0,0,0,0,0,0,0,0,1,0,0,0,0
858,201901198,3,0,0,0,0,0,0,0,1,0,0,0,0,0,0,0,1,0,0
859,201901198,4,1,0,0,0,0,1,0,0,0,0,0,0,0,0,1,0,0,0
860,201901198,5,1,0,0,0,1,0,0,0,0,0,0,0,0,1,0,0,0,0
861,201901198,6,0,0,0,0,0,1,0,0,0,0,1,0,0,0,0,0,0,0
862,201901198,7,2,0,0,0,0,0,1,0,0,0,0,0,1,0,0,0,0,0
863,201901198,8,0,1,0,0,0,0,0,0,0,0,0,0,0,1,0,0,0,0
864,201901198,9,1,0,0,0,0,1,0,0,0,0,0,0,0,0,0,1,0,0
865,201901206,1,0,0,0,0,0,0,1,0,0,0,0,0,0,1,0,0,0,0
866,201901206,2,1,0,0,0,1,0,0,0,0,0,0,0,0,0,0,1,0,0
867,201901206,3,0,0,0,0,0,0,0,1,0,0,0,0,0,1,0,0,0,0
868,201901206,4,1,0,0,0,0,1,0,0,0,0,0,0,0,1,0,0,0,0
869,201901206,5,0,0,0,0,0,0,0,1,0,0,0,0,0,0,0,1,0,0
870,201901206,6,0,1,0,0,0,0,0,0,0,0,0,0,0,1,0,0,0,0
871,201901206,7,1,0,1,0,0,0,0,0,0,0,0,0,0,0,0,0,0,1
872,201901206,8,0,0,0,0,0,0,0,1,0,0,0,0,0,0,0,1,0,0
873,201901206,9,0,0,0,0,0,1,0,0,0,0,0,0,0,0,0,1,0,0
874,201901222,1,0,0,0,0,0,0,1,0,0,0,1,0,0,0,0,0,0,0
875,201901222,2,0,0,0,0,0,1,0,0,0,0,0,0,0,0,0,1,0,0
876,201901222,3,0,0,0,0,0,0,1,0,0,0,0,0,0,1,0,0,0,0
877,201901222,4,0,0,0,0,0,1,0,0,0,0,0,0,0,1,0,0,0,0
878,201901222,5,0,0,0,0,0,1,0,0,0,1,0,0,0,0,0,0,0,0
879,201901222,6,0,0,0,0,0,1,0,0,0,0,0,0,0,1,0,0,0,0
880,201901222,7,1,1,0,0,0,0,0,0,0,0,0,0,0,0,0,0,0,1
881,201901222,8,3,0,0,0,0,0,1,0,0,1,0,0,0,0,0,0,0,0
882,201901222,9,0,0,0,0,0,1,0,0,0,0,0,0,0,1,0,0,0,0
883,201901246,1,1,0,0,0,0,1,0,0,0,0,1,0,0,0,0,0,0,0
884,201901246,2,0,0,0,0,0,1,0,0,0,0,0,0,0,0,0,1,0,0
885,201901246,3,1,0,1,0,0,0,0,0,0,0,0,0,0,1,0,0,0,0
886,201901246,4,1,0,0,0,0,1,0,0,0,0,0,0,0,1,0,0,0,0
887,201901246,5,0,0,0,0,0,1,0,0,0,0,0,0,0,0,1,0,0,0
888,201901246,6,7,1,0,0,0,0,0,0,0,1,0,0,0,0,0,0,0,0
889,201901246,7,0,1,0,0,0,0,0,0,0,0,0,0,0,0,0,1,0,0
890,201901246,8,2,0,0,0,0,1,0,0,0,0,0,0,0,0,1,0,0,0
891,201901246,9,1,1,0,0,0,0,0,0,0,0,0,0,0,0,1,0,0,0
892,201901256,1,0,0,0,0,0,1,0,0,0,0,0,0,0,1,0,0,0,0
893,201901256,2,0,0,0,0,0,1,0,0,0,0,0,0,0,1,0,0,0,0
894,201901256,3,0,1,0,0,0,0,0,0,0,0,0,0,0,0,0,1,0,0
895,201901256,4,2,0,0,0,0,0,1,0,0,0,0,0,0,1,0,0,0,0
896,201901256,5,4,0,1,0,0,0,0,0,0,1,0,0,0,0,0,0,0,0
897,201901256,6,1,1,0,0,0,0,0,0,0,0,0,0,0,0,0,0,0,1
898,201901256,7,2,0,0,0,1,0,0,0,0,0,0,0,0,1,0,0,0,0
899,201901256,8,4,0,1,0,0,0,0,0,0,0,0,0,0,1,0,0,0,0
900,201901256,9,0,0,0,0,0,1,0,0,0,0,0,0,0,1,0,0,0,0
901,201901273,1,0,0,0,0,0,0,0,1,0,0,0,0,0,1,0,0,0,0
902,201901273,2,0,1,0,0,0,0,0,0,0,0,0,0,0,1,0,0,0,0
903,201901273,3,0,0,0,0,0,0,0,1,0,0,0,0,0,0,0,1,0,0
904,201901273,4,3,0,0,0,0,1,0,0,0,1,0,0,0,0,0,0,0,0
905,201901273,5,0,0,0,0,0,1,0,0,0,0,0,0,0,0,1,0,0,0
906,201901273,6,0,0,0,0,0,1,0,0,0,0,0,0,0,0,0,1,0,0
907,201901273,7,0,0,0,0,0,0,0,1,0,0,0,0,0,1,0,0,0,0
908,201901273,8,0,0,0,0,0,0,0,1,0,0,0,0,0,0,0,1,0,0
909,201901273,9,6,0,0,0,0,0,1,0,0,0,0,0,0,0,0,0,0,1
910,201901307,1,0,0,0,0,0,0,0,1,0,0,0,0,0,0,1,0,0,0
911,201901307,2,0,0,0,0,0,1,0,0,0,0,0,0,0,1,0,0,0,0
912,201901307,3,1,0,0,0,0,1,0,0,0,0,0,0,1,0,0,0,0,0
913,201901307,4,0,0,0,0,0,1,0,0,0,0,0,0,0,0,0,1,0,0
914,201901307,5,0,0,0,0,0,1,0,0,0,0,0,0,0,1,0,0,0,0
915,201901307,6,0,0,0,0,0,0,0,1,0,0,0,0,0,1,0,0,0,0
916,201901307,7,2,0,1,0,0,0,0,0,0,1,0,0,0,0,0,0,0,0
917,201901307,8,0,0,0,0,0,1,0,0,0,0,0,0,0,0,0,1,0,0
918,201901307,9,2,0,0,0,0,1,0,0,0,0,0,0,0,0,1,0,0,0
919,201901310,2,0,0,0,0,0,0,0,1,0,0,0,0,0,0,1,0,0,0
920,201901310,3,0,0,0,0,0,0,1,0,0,0,0,0,0,0,1,0,0,0
921,201901310,4,1,0,1,0,0,0,0,0,0,0,0,0,0,0,0,0,0,1
922,201901310,5,2,0,0,0,0,0,1,0,0,0,0,0,0,1,0,0,0,0
923,201901310,6,0,0,0,0,0,1,0,0,0,0,0,0,0,1,0,0,0,0
924,201901310,7,2,1,0,0,0,0,0,0,0,0,0,1,0,0,0,0,0,0
925,201901310,8,0,0,0,0,0,0,0,1,0,0,0,0,0,0,0,1,0,0
926,201901310,9,1,0,0,0,0,0,0,1,0,0,0,0,1,0,0,0,0,0
927,201901324,2,0,0,0,0,0,0,0,1,0,0,0,0,0,1,0,0,0,0
928,201901324,3,0,0,0,0,0,0,0,1,0,0,0,0,0,1,0,0,0,0
929,201901324,5,0,0,0,0,0,0,0,1,0,1,0,0,0,0,0,0,0,0
930,201901324,6,0,0,0,0,0,1,0,0,0,0,0,0,0,0,0,1,0,0
931,201901324,7,1,0,0,0,0,1,0,0,0,0,0,0,0,1,0,0,0,0
932,201901324,8,2,1,0,0,0,0,0,0,0,0,0,0,0,1,0,0,0,0
933,201901324,9,0,0,0,0,0,1,0,0,0,0,0,0,0,0,0,1,0,0
934,201901331,1,0,0,0,0,0,1,0,0,0,0,0,0,0,1,0,0,0,0
935,201901331,2,0,0,0,0,0,0,0,1,0,0,0,0,0,1,0,0,0,0
936,201901331,3,0,0,0,0,0,0,0,1,0,1,0,0,0,0,0,0,0,0
937,201901331,4,1,0,0,0,0,1,0,0,0,0,0,0,0,0,0,1,0,0
938,201901331,5,3,1,0,0,0,0,0,0,0,0,0,0,0,0,1,0,0,0
939,201901331,6,0,0,0,0,0,1,0,0,0,0,0,0,0,0,0,1,0,0
940,201901331,7,1,0,0,1,0,0,0,0,0,0,0,0,0,0,0,1,0,0
941,201901331,8,6,0,1,0,0,0,0,0,0,1,0,0,0,0,0,0,0,0
942,201901331,9,0,0,0,0,0,0,0,1,0,0,1,0,0,0,0,0,0,0
943,201901338,1,4,1,0,0,0,0,0,0,0,0,0,0,0,1,0,0,0,0
944,201901338,2,0,0,0,0,0,1,0,0,0,1,0,0,0,0,0,0,0,0
945,201901338,3,0,0,0,0,0,0,0,1,0,0,0,0,0,1,0,0,0,0
946,201901338,4,0,0,0,0,0,0,0,1,0,0,0,0,0,0,0,1,0,0
947,201901338,5,0,0,0,0,0,1,0,0,0,0,0,0,0,1,0,0,0,0
948,201901338,6,2,0,0,0,0,0,1,0,0,0,0,0,1,0,0,0,0,0
949,201901338,7,0,0,0,0,0,1,0,0,0,1,0,0,0,0,0,0,0,0
950,201901338,8,1,0,0,0,1,0,0,0,0,1,0,0,0,0,0,0,0,0
951,201901338,9,1,0,0,0,0,1,0,0,0,0,0,0,0,1,0,0,0,0
952,201901376,1,0,0,0,0,0,1,0,0,0,0,0,0,0,0,0,1,0,0
953,201901376,2,1,0,0,0,0,1,0,0,0,0,0,0,0,1,0,0,0,0
954,201901376,3,0,1,0,0,0,0,0,0,0,0,0,0,0,0,0,0,0,1
955,201901376,4,0,0,0,0,0,0,0,1,0,0,0,0,0,1,0,0,0,0
956,201901376,5,0,0,0,0,0,1,0,0,0,1,0,0,0,0,0,0,0,0
957,201901376,6,0,1,0,0,0,0,0,0,0,0,0,0,0,1,0,0,0,0
958,201901376,7,1,0,0,0,1,0,0,0,0,0,0,0,0,1,0,0,0,0
959,201901376,8,0,0,0,0,0,0,0,1,0,0,0,0,0,1,0,0,0,0
960,201901376,9,0,0,0,0,0,0,0,1,0,0,0,0,0,1,0,0,0,0
961,201901388,1,0,0,0,0,0,1,0,0,0,0,0,0,0,1,0,0,0,0
962,201901388,2,0,1,0,0,0,0,0,0,0,0,0,0,0,1,0,0,0,0
963,201901388,3,0,0,0,0,0,1,0,0,0,0,0,0,0,1,0,0,0,0
964,201901388,4,1,0,1,0,0,0,0,0,0,0,0,0,0,1,0,0,0,0
965,201901388,5,0,1,0,0,0,0,0,0,0,0,0,0,0,0,0,0,0,1
966,201901388,6,0,1,0,0,0,0,0,0,0,0,0,0,0,1,0,0,0,0
967,201901388,7,2,0,0,0,0,0,0,1,0,0,0,0,0,0,1,0,0,0
968,201901388,8,0,0,0,0,0,0,0,1,0,0,0,0,0,0,0,1,0,0
969,201901388,9,0,0,0,0,0,0,0,1,0,0,0,0,0,0,0,1,0,0
970,201901394,2,0,0,0,0,0,0,0,1,0,0,0,0,0,1,0,0,0,0
971,201901394,3,0,0,0,0,0,0,0,1,0,0,0,0,0,1,0,0,0,0
972,201901394,4,6,1,0,0,0,0,0,0,0,0,1,0,0,0,0,0,0,0
973,201901394,5,1,0,0,0,0,1,0,0,0,0,0,0,1,0,0,0,0,0
974,201901394,6,0,1,0,0,0,0,0,0,0,0,0,0,0,0,0,0,0,1
975,201901394,7,2,0,0,0,0,1,0,0,0,0,0,0,1,0,0,0,0,0
976,201901394,8,5,0,1,0,0,0,0,0,0,0,1,0,0,0,0,0,0,0
977,201901394,9,2,1,0,0,0,0,0,0,0,0,0,0,0,1,0,0,0,0
978,201901398,1,1,0,0,0,1,0,0,0,0,1,0,0,0,0,0,0,0,0
979,201901398,2,0,0,0,0,0,0,0,1,0,0,0,0,0,1,0,0,0,0
980,201901398,3,1,0,0,0,0,1,0,0,0,0,0,0,1,0,0,0,0,0
981,201901398,4,0,0,0,0,0,1,0,0,0,1,0,0,0,0,0,0,0,0
982,201901398,5,0,1,0,0,0,0,0,0,0,0,0,0,0,0,0,1,0,0
983,201901398,6,0,0,0,0,0,1,0,0,0,1,0,0,0,0,0,0,0,0
984,201901398,7,0,1,0,0,0,0,0,0,0,0,0,0,0,1,0,0,0,0
985,201901398,8,0,0,0,0,0,1,0,0,0,0,0,0,0,1,0,0,0,0
986,201901398,9,3,1,0,0,0,0,0,0,0,1,0,0,0,0,0,0,0,0
987,201901441,1,0,1,0,0,0,0,0,0,0,0,0,0,0,0,0,1,0,0
988,201901441,2,0,0,0,0,0,1,0,0,0,0,0,0,0,1,0,0,0,0
989,201901441,3,8,1,0,0,0,0,0,0,0,0,0,0,0,0,0,1,0,0
990,201901441,4,0,0,0,0,0,1,0,0,0,0,0,0,0,1,0,0,0,0
991,201901441,5,2,0,0,0,0,1,0,0,0,0,0,0,0,0,1,0,0,0
992,201901441,6,0,0,1,0,0,0,0,0,0,0,0,0,0,1,0,0,0,0
993,201901441,7,0,0,0,0,0,1,0,0,0,0,0,0,0,1,0,0,0,0
994,201901441,8,3,0,1,0,0,0,0,0,0,0,0,0,0,0,1,0,0,0
995,201901441,9,0,0,1,0,0,0,0,0,0,0,0,0,0,1,0,0,0,0
996,201901451,1,0,1,0,0,0,0,0,0,0,0,0,0,0,0,0,1,0,0
997,201901451,2,0,0,0,0,0,0,0,1,0,0,0,0,0,0,0,1,0,0
998,201901451,3,0,0,0,0,0,1,0,0,0,0,0,0,0,1,0,0,0,0
999,201901451,4,0,0,0,0,0,1,0,0,0,0,1,0,0,0,0,0,0,0
1000,201901451,5,1,0,0,0,1,0,0,0,0,0,0,0,0,1,0,0,0,0
1001,201901451,6,0,0,0,0,0,0,0,1,0,0,0,0,0,0,0,1,0,0
1002,201901451,7,1,0,0,0,0,1,0,0,0,1,0,0,0,0,0,0,0,0
1003,201901451,8,1,0,0,0,0,1,0,0,0,0,0,0,0,0,1,0,0,0
1004,201901451,9,3,0,0,0,0,1,0,0,0,1,0,0,0,0,0,0,0,0
1005,201901457,1,0,1,0,0,0,0,0,0,0,0,0,0,0,1,0,0,0,0
1006,201901457,2,0,0,0,0,0,1,0,0,0,0,1,0,0,0,0,0,0,0
1007,201901457,3,0,0,0,0,0,1,0,0,0,0,0,0,0,1,0,0,0,0
1008,201901457,4,2,0,0,0,0,0,1,0,0,1,0,0,0,0,0,0,0,0
1009,201901457,5,0,0,0,0,0,1,0,0,0,0,0,0,0,0,0,1,0,0
1010,201901457,6,0,0,0,0,0,1,0,0,0,0,0,0,0,1,0,0,0,0
1011,201901457,7,0,0,0,0,0,0,1,0,0,0,0,0,0,0,0,1,0,0
1012,201901457,8,0,0,0,0,0,1,0,0,0,0,0,0,0,0,0,1,0,0
1013,201901457,9,4,0,0,0,0,1,0,0,0,0,0,0,0,0,1,0,0,0
1014,201901471,1,0,0,0,0,0,0,0,1,0,0,0,0,0,1,0,0,0,0
1015,201901471,2,0,1,0,0,0,0,0,0,0,0,0,0,0,1,0,0,0,0
1016,201901471,3,0,0,0,0,0,0,0,1,0,0,0,0,0,1,0,0,0,0
1017,201901471,4,1,0,0,0,0,1,0,0,0,0,0,0,1,0,0,0,0,0
1018,201901471,5,3,0,0,0,0,1,0,0,0,1,0,0,0,0,0,0,0,0
1019,201901471,6,0,0,0,0,0,0,1,0,0,0,0,0,0,1,0,0,0,0
1020,201901471,7,0,0,0,0,0,0,0,1,0,0,0,0,0,1,0,0,0,0
1021,201901471,8,0,0,0,0,0,1,0,0,0,0,0,0,0,0,1,0,0,0
1022,201901471,9,1,0,0,0,0,1,0,0,0,1,0,0,0,0,0,0,0,0
1023,201901475,1,1,0,0,0,1,0,0,0,0,0,0,0,0,0,0,1,0,0
1024,201901475,2,0,0,0,0,0,0,0,1,0,0,0,0,0,0,0,1,0,0
1025,201901475,3,4,0,0,0,0,0,1,0,0,0,0,0,0,0,0,0,0,1
1026,201901475,4,2,0,0,0,0,0,1,0,0,0,0,0,0,0,0,1,0,0
1027,201901475,5,0,0,0,0,0,1,0,0,0,0,0,0,0,0,0,0,1,0
1028,201901475,6,0,0,0,0,0,0,0,1,0,0,0,0,0,1,0,0,0,0
1029,201901475,7,0,1,0,0,0,0,0,0,0,0,0,0,0,1,0,0,0,0
1030,201901475,8,1,0,0,0,0,0,1,0,0,0,0,0,0,1,0,0,0,0
1031,201901475,9,0,0,0,0,0,1,0,0,0,0,0,0,0,0,0,1,0,0
1032,201901491,1,0,0,0,0,0,1,0,0,0,0,0,0,0,0,0,1,0,0
1033,201901491,2,2,1,0,0,0,0,0,0,0,0,0,0,0,1,0,0,0,0
1034,201901491,3,1,0,0,0,0,1,0,0,0,0,0,0,0,1,0,0,0,0
1035,201901491,4,0,0,1,0,0,0,0,0,0,0,0,0,0,1,0,0,0,0
1036,201901491,5,1,0,0,0,0,0,0,1,0,0,0,0,0,1,0,0,0,0
1037,201901491,6,2,0,1,0,0,0,0,0,0,0,0,0,0,0,0,0,0,1
1038,201901491,7,0,0,0,0,0,1,0,0,0,0,0,0,0,1,0,0,0,0
1039,201901491,8,1,0,0,0,1,0,0,0,0,0,0,0,0,0,0,1,0,0
1040,201901491,9,0,0,0,0,0,1,0,0,0,0,0,0,0,1,0,0,0,0
1041,201901498,1,0,0,0,0,0,0,0,1,0,0,0,0,0,0,0,1,0,0
1042,201901498,2,3,0,0,0,1,0,0,0,0,1,0,0,0,0,0,0,0,0
1043,201901498,3,4,0,0,0,0,1,0,0,0,1,0,0,0,0,0,0,0,0
1044,201901498,4,0,0,0,0,0,0,0,1,0,0,0,0,0,0,0,1,0,0
1045,201901498,5,0,0,0,0,0,0,0,1,0,0,0,0,0,1,0,0,0,0
1046,201901498,6,0,0,0,0,0,1,0,0,0,0,0,0,0,0,0,1,0,0
1047,201901498,7,0,0,0,0,0,1,0,0,0,0,0,0,0,1,0,0,0,0
1048,201901498,8,0,0,0,0,0,0,1,0,0,0,0,0,0,1,0,0,0,0
1049,201901498,9,0,0,0,0,0,1,0,0,0,0,0,0,0,0,0,1,0,0
1050,201901504,1,0,0,0,0,0,1,0,0,0,0,0,0,0,1,0,0,0,0
1051,201901504,2,0,0,0,0,0,0,0,1,0,0,0,0,0,1,0,0,0,0
1052,201901504,3,0,0,0,0,0,0,0,1,0,0,0,0,0,0,0,1,0,0
1053,201901504,4,1,1,0,0,0,0,0,0,0,0,1,0,0,0,0,0,0,0
1054,201901504,5,0,0,0,0,0,0,0,1,0,0,0,0,0,0,0,1,0,0
1055,201901504,6,1,0,0,0,0,1,0,0,0,0,0,0,1,0,0,0,0,0
1056,201901504,7,0,0,0,0,0,1,0,0,0,0,0,0,0,1,0,0,0,0
1057,201901504,8,3,0,0,0,1,0,0,0,0,0,0,0,0,0,1,0,0,0
1058,201901504,9,0,0,0,0,0,0,0,1,0,0,0,0,0,1,0,0,0,0
1059,201901505,1,0,0,0,0,0,1,0,0,0,0,0,0,0,1,0,0,0,0
1060,201901505,2,0,0,0,0,0,1,0,0,0,1,0,0,0,0,0,0,0,0
1061,201901505,3,0,0,0,0,0,0,0,1,0,0,0,0,0,1,0,0,0,0
1062,201901505,4,4,0,1,0,0,0,0,0,0,0,0,0,0,1,0,0,0,0
1063,201901505,5,1,0,0,0,0,1,0,0,0,0,0,0,1,0,0,0,0,0
1064,201901505,6,0,0,0,0,0,1,0,0,0,0,0,0,0,1,0,0,0,0
1065,201901505,7,0,0,0,0,0,1,0,0,0,0,0,0,0,0,0,1,0,0
1066,201901505,8,0,0,0,0,0,1,0,0,0,0,0,0,0,1,0,0,0,0
1067,201901505,9,0,0,0,0,0,1,0,0,0,0,0,0,0,1,0,0,0,0
1068,201901511,1,1,0,0,0,1,0,0,0,0,1,0,0,0,0,0,0,0,0
1069,201901511,2,2,1,0,0,0,0,0,0,0,1,0,0,0,0,0,0,0,0
1070,201901511,3,3,0,0,0,1,0,0,0,0,0,0,0,0,1,0,0,0,0
1071,201901511,4,0,0,0,0,0,1,0,0,0,0,0,0,0,1,0,0,0,0
1072,201901511,5,0,0,0,0,0,0,0,1,0,0,1,0,0,0,0,0,0,0
1073,201901511,6,0,0,0,0,0,1,0,0,0,0,0,0,0,1,0,0,0,0
1074,201901511,7,0,0,0,0,0,1,0,0,0,0,0,0,0,1,0,0,0,0
1075,201901511,8,1,0,0,0,0,0,0,1,0,0,0,0,0,1,0,0,0,0
1076,201901511,9,0,0,0,0,0,1,0,0,0,0,0,0,0,1,0,0,0,0
1077,201901512,1,1,1,0,0,0,0,0,0,0,0,0,0,0,1,0,0,0,0
1078,201901512,2,0,0,0,0,0,1,0,0,0,0,0,0,0,0,0,1,0,0
1079,201901512,3,0,0,0,0,0,0,0,1,0,0,0,0,0,1,0,0,0,0
1080,201901512,4,1,0,0,0,0,1,0,0,0,0,0,0,1,0,0,0,0,0
1081,201901512,5,0,0,0,0,0,1,0,0,0,0,0,0,0,1,0,0,0,0
1082,201901512,6,1,1,0,0,0,0,0,0,0,0,0,0,0,1,0,0,0,0
1083,201901512,7,0,0,0,0,0,1,0,0,0,1,0,0,0,0,0,0,0,0
1084,201901512,8,0,0,0,0,0,0,1,0,0,0,0,0,0,0,0,1,0,0
1085,201901512,9,0,0,1,0,0,0,0,0,0,0,0,0,0,1,0,0,0,0
1086,201901521,2,0,0,0,0,0,0,0,1,0,0,0,0,0,1,0,0,0,0
1087,201901521,3,0,0,0,0,0,1,0,0,0,1,0,0,0,0,0,0,0,0
1088,201901521,4,0,0,0,0,0,0,1,0,0,0,0,0,0,0,0,1,0,0
1089,201901521,5,0,0,0,0,0,0,0,1,0,0,0,0,0,0,0,1,0,0
1090,201901521,6,0,0,0,0,0,1,0,0,0,1,0,0,0,0,0,0,0,0
1091,201901521,7,0,0,0,0,0,0,0,1,0,0,0,0,0,1,0,0,0,0
1092,201901521,8,2,0,0,0,0,0,0,0,1,0,0,0,0,0,0,1,0,0
1093,201901521,9,0,0,0,0,0,1,0,0,0,1,0,0,0,0,0,0,0,0
1094,201901522,1,0,0,0,0,0,1,0,0,0,0,0,0,0,0,0,1,0,0
1095,201901522,2,4,0,1,0,0,0,0,0,0,0,1,0,0,0,0,0,0,0
1096,201901522,3,2,0,0,0,1,0,0,0,0,0,0,0,0,0,0,1,0,0
1097,201901522,4,3,1,0,0,0,0,0,0,0,0,0,0,0,1,0,0,0,0
1098,201901522,5,0,0,0,0,0,1,0,0,0,0,1,0,0,0,0,0,0,0
1099,201901522,6,0,1,0,0,0,0,0,0,0,0,0,0,0,1,0,0,0,0
1100,201901522,7,0,0,0,0,0,0,0,1,0,0,0,0,0,0,0,1,0,0
1101,201901522,8,0,0,0,0,0,0,0,1,0,1,0,0,0,0,0,0,0,0
1102,201901522,9,1,0,0,0,1,0,0,0,0,1,0,0,0,0,0,0,0,0
1103,201901526,1,0,0,0,0,0,1,0,0,0,0,0,0,0,0,0,1,0,0
1104,201901526,2,9,0,0,0,0,1,0,0,0,0,0,0,1,0,0,0,0,0
1105,201901526,3,0,0,0,0,0,0,1,0,0,0,0,0,0,0,0,0,0,1
1106,201901526,4,4,1,0,0,0,0,0,0,0,0,0,0,1,0,0,0,0,0
1107,201901526,5,0,0,0,0,0,1,0,0,0,0,0,0,0,0,0,1,0,0
1108,201901526,6,0,0,1,0,0,0,0,0,0,0,0,0,0,1,0,0,0,0
1109,201901526,7,0,0,0,0,0,1,0,0,0,0,0,0,0,1,0,0,0,0
1110,201901526,8,1,0,0,0,1,0,0,0,0,0,0,0,0,1,0,0,0,0
1111,201901526,9,0,0,0,0,0,1,0,0,0,0,0,0,0,1,0,0,0,0
1112,201901539,1,1,0,0,0,0,0,0,0,1,0,0,0,0,1,0,0,0,0
1113,201901539,2,6,0,0,0,0,0,0,1,0,1,0,0,0,0,0,0,0,0
1114,201901539,3,0,0,0,0,0,1,0,0,0,1,0,0,0,0,0,0,0,0
1115,201901539,4,0,1,0,0,0,0,0,0,0,0,0,0,0,1,0,0,0,0
1116,201901539,5,0,0,0,0,0,1,0,0,0,0,0,0,0,1,0,0,0,0
1117,201901539,6,0,0,0,0,0,0,0,1,0,0,0,0,0,0,0,1,0,0
1118,201901539,7,0,1,0,0,0,0,0,0,0,0,0,0,0,1,0,0,0,0
1119,201901539,8,0,0,0,0,0,1,0,0,0,0,0,0,0,1,0,0,0,0
1120,201901539,9,2,0,0,0,0,0,0,1,0,1,0,0,0,0,0,0,0,0
1121,201901542,1,3,1,0,0,0,0,0,0,0,0,0,0,0,0,0,0,0,1
1122,201901542,2,0,0,0,0,0,1,0,0,0,0,0,0,0,0,0,1,0,0
1123,201901542,3,0,1,0,0,0,0,0,0,0,0,0,0,0,0,0,1,0,0
1124,201901542,4,3,0,0,0,0,1,0,0,0,1,0,0,0,0,0,0,0,0
1125,201901542,5,0,0,0,0,0,1,0,0,0,0,0,0,0,0,0,1,0,0
1126,201901542,6,0,0,0,0,0,0,1,0,0,0,0,0,0,1,0,0,0,0
1127,201901542,8,0,0,0,0,0,0,0,1,0,0,0,0,0,1,0,0,0,0
1128,201901542,9,6,1,0,0,0,0,0,0,0,1,0,0,0,0,0,0,0,0
1129,201901546,1,0,0,0,0,0,1,0,0,0,0,0,0,0,1,0,0,0,0
1130,201901546,2,5,0,0,0,0,0,0,1,0,1,0,0,0,0,0,0,0,0
1131,201901546,3,0,0,0,0,0,1,0,0,0,0,0,0,0,1,0,0,0,0
1132,201901546,4,0,0,0,0,0,1,0,0,0,0,0,0,0,1,0,0,0,0
1133,201901546,5,0,0,0,0,0,1,0,0,0,0,0,0,0,0,0,1,0,0
1134,201901546,6,0,0,0,0,0,1,0,0,0,0,0,0,0,1,0,0,0,0
1135,201901546,7,1,0,0,0,0,1,0,0,0,0,0,0,1,0,0,0,0,0
1136,201901546,8,0,0,0,0,0,0,0,1,0,0,0,0,0,0,0,1,0,0
1137,201901546,9,0,0,0,0,0,1,0,0,0,1,0,0,0,0,0,0,0,0
1138,201901560,1,0,0,0,0,0,0,0,1,0,0,0,0,0,1,0,0,0,0
1139,201901560,2,0,0,0,0,0,1,0,0,0,0,0,0,0,0,0,1,0,0
1140,201901560,3,1,0,0,0,1,0,0,0,0,1,0,0,0,0,0,0,0,0
1141,201901560,4,3,0,0,0,0,0,0,1,0,0,0,0,0,0,1,0,0,0
1142,201901560,5,0,0,0,0,0,0,0,1,0,0,0,0,0,0,0,1,0,0
1143,201901560,6,1,0,0,0,0,0,0,1,0,0,0,0,0,1,0,0,0,0
1144,201901560,7,4,0,0,0,0,0,0,1,0,0,1,0,0,0,0,0,0,0
1145,201901560,8,0,0,0,0,0,1,0,0,0,0,0,0,0,1,0,0,0,0
1146,201901560,9,0,0,0,0,0,1,0,0,0,0,0,0,0,1,0,0,0,0
1147,201901569,2,0,0,0,0,0,0,0,1,0,0,0,0,0,0,0,1,0,0
1148,201901569,3,1,0,0,0,0,0,1,0,0,0,0,0,0,0,1,0,0,0
1149,201901569,4,0,0,0,0,0,1,0,0,0,0,0,0,0,0,0,1,0,0
1150,201901569,5,3,0,0,0,0,1,0,0,0,0,0,0,0,0,1,0,0,0
1151,201901569,6,0,0,0,0,0,1,0,0,0,0,0,0,0,0,0,1,0,0
1152,201901569,7,0,0,0,0,0,1,0,0,0,0,0,0,0,1,0,0,0,0
1153,201901569,8,0,0,0,0,0,0,1,0,0,0,0,0,0,1,0,0,0,0
1154,201901569,9,0,0,0,0,0,1,0,0,0,0,0,0,0,1,0,0,0,0
1155,201901570,1,0,0,0,0,0,1,0,0,0,0,0,0,0,1,0,0,0,0
1156,201901570,2,4,0,0,0,0,1,0,0,0,1,0,0,0,0,0,0,0,0
1157,201901570,3,0,0,0,0,0,1,0,0,0,0,0,0,0,1,0,0,0,0
1158,201901570,4,3,0,0,0,0,0,1,0,0,0,0,0,0,1,0,0,0,0
1159,201901570,5,0,0,0,0,0,1,0,0,0,0,0,0,0,1,0,0,0,0
1160,201901570,6,3,0,0,0,0,0,0,1,0,0,0,0,0,0,0,1,0,0
1161,201901570,7,0,0,0,0,0,1,0,0,0,0,0,0,0,0,0,1,0,0
1162,201901570,8,0,0,0,0,0,0,0,1,0,0,0,0,0,0,0,1,0,0
1163,201901570,9,1,0,0,0,0,0,0,0,1,0,0,0,0,1,0,0,0,0
1164,201901579,1,0,0,0,0,0,0,1,0,0,0,0,0,0,0,0,1,0,0
1165,201901579,2,2,0,0,0,0,0,1,0,0,0,0,0,0,1,0,0,0,0
1166,201901579,3,0,1,0,0,0,0,0,0,0,1,0,0,0,0,0,0,0,0
1167,201901579,4,2,0,0,0,0,1,0,0,0,0,1,0,0,0,0,0,0,0
1168,201901579,5,0,0,0,0,0,1,0,0,0,0,0,0,0,1,0,0,0,0
1169,201901579,6,1,1,0,0,0,0,0,0,0,0,0,0,0,0,0,0,0,1
1170,201901579,7,0,1,0,0,0,0,0,0,0,0,0,0,0,1,0,0,0,0
1171,201901579,8,0,1,0,0,0,0,0,0,0,0,0,0,0,0,0,0,0,1
1172,201901579,9,2,0,1,0,0,0,0,0,0,0,1,0,0,0,0,0,0,0
1173,201901615,1,0,0,0,0,0,0,0,1,0,1,0,0,0,0,0,0,0,0
1174,201901615,2,0,0,0,0,0,0,0,1,0,0,0,0,0,0,0,1,0,0
1175,201901615,3,0,0,1,0,0,0,0,0,0,1,0,0,0,0,0,0,0,0
1176,201901615,4,0,0,0,0,0,0,1,0,0,0,0,0,0,1,0,0,0,0
1177,201901615,5,0,0,0,0,0,1,0,0,0,0,0,0,0,0,0,1,0,0
1178,201901615,6,5,0,0,0,0,0,1,0,0,0,0,0,1,0,0,0,0,0
1179,201901615,7,0,0,0,0,0,0,0,1,0,0,0,0,0,1,0,0,0,0
1180,201901615,8,0,0,0,0,0,1,0,0,0,0,0,0,0,0,0,1,0,0
1181,201901615,9,0,0,0,0,0,0,1,0,0,1,0,0,0,0,0,0,0,0
1182,201901617,1,0,0,1,0,0,0,0,0,0,0,0,0,0,1,0,0,0,0
1183,201901617,2,0,0,0,0,0,0,0,1,0,0,0,0,0,1,0,0,0,0
1184,201901617,3,0,0,0,0,0,1,0,0,0,0,0,0,0,1,0,0,0,0
1185,201901617,4,0,0,0,0,0,1,0,0,0,0,0,0,0,1,0,0,0,0
1186,201901617,5,0,0,0,0,0,0,0,1,0,0,0,0,0,1,0,0,0,0
1187,201901617,6,1,0,0,0,0,1,0,0,0,0,0,0,0,0,1,0,0,0
1188,201901617,7,1,0,0,0,1,0,0,0,0,0,0,0,0,0,0,1,0,0
1189,201901617,8,2,0,0,0,1,0,0,0,0,0,1,0,0,0,0,0,0,0
1190,201901617,9,0,0,0,0,0,1,0,0,0,0,0,0,0,1,0,0,0,0
1191,201901650,1,1,1,0,0,0,0,0,0,0,0,0,0,0,0,1,0,0,0
1192,201901650,2,0,0,0,0,0,1,0,0,0,0,0,0,0,0,0,1,0,0
1193,201901650,3,0,0,1,0,0,0,0,0,0,0,0,0,0,0,0,1,0,0
1194,201901650,4,0,0,0,0,0,1,0,0,0,0,0,0,0,0,0,1,0,0
1195,201901650,5,0,0,0,0,0,0,0,0,1,0,0,0,0,1,0,0,0,0
1196,201901650,6,0,0,0,0,0,1,0,0,0,0,0,0,0,0,0,1,0,0
1197,201901650,7,1,0,0,0,0,0,0,1,0,0,0,0,1,0,0,0,0,0
1198,201901650,8,2,0,1,0,0,0,0,0,0,0,0,0,1,0,0,0,0,0
1199,201901650,9,3,0,0,0,0,1,0,0,0,1,0,0,0,0,0,0,0,0
1200,201901659,1,0,0,0,0,0,1,0,0,0,0,0,0,0,1,0,0,0,0
1201,201901659,2,5,1,0,0,0,0,0,0,0,0,0,0,0,1,0,0,0,0
1202,201901659,3,0,0,0,0,0,0,0,1,0,0,0,0,0,1,0,0,0,0
1203,201901659,4,0,0,0,0,0,0,0,1,0,0,0,0,0,1,0,0,0,0
1204,201901659,5,0,0,0,0,0,0,0,1,0,0,0,0,0,0,0,1,0,0
1205,201901659,6,0,0,0,0,0,1,0,0,0,0,0,0,0,0,0,1,0,0
1206,201901659,7,1,0,1,0,0,0,0,0,0,0,0,0,0,0,0,0,0,1
1207,201901659,8,3,0,0,0,0,1,0,0,0,1,0,0,0,0,0,0,0,0
1208,201901659,9,1,0,0,0,0,1,0,0,0,0,0,0,0,1,0,0,0,0
1209,201901681,1,0,1,0,0,0,0,0,0,0,0,0,0,0,0,1,0,0,0
1210,201901681,2,1,0,0,0,1,0,0,0,0,0,0,0,0,0,0,1,0,0
1211,201901681,3,2,0,0,0,0,0,0,1,0,0,0,0,0,1,0,0,0,0
1212,201901681,4,1,0,1,0,0,0,0,0,0,0,0,0,0,0,0,0,0,1
1213,201901681,5,0,0,0,0,0,1,0,0,0,0,0,0,0,1,0,0,0,0
1214,201901681,6,0,0,1,0,0,0,0,0,0,0,0,0,0,1,0,0,0,0
1215,201901681,7,1,1,0,0,0,0,0,0,0,0,0,0,0,0,0,1,0,0
1216,201901681,8,1,1,0,0,0,0,0,0,0,0,0,0,0,0,0,1,0,0
1217,201901681,9,1,0,0,0,0,0,1,0,0,0,0,0,0,0,1,0,0,0
1218,201901688,2,1,0,0,0,0,1,0,0,0,0,0,1,0,0,0,0,0,0
1219,201901688,3,0,0,0,0,0,1,0,0,0,0,0,0,0,0,1,0,0,0
1220,201901688,4,0,0,0,0,0,0,0,0,1,0,0,0,0,1,0,0,0,0
1221,201901688,5,1,1,0,0,0,0,0,0,0,0,0,0,0,0,0,0,0,1
1222,201901688,6,1,0,0,0,1,0,0,0,0,0,0,0,0,0,0,1,0,0
1223,201901688,7,0,1,0,0,0,0,0,0,0,0,0,0,0,1,0,0,0,0
1224,201901688,8,0,1,0,0,0,0,0,0,0,1,0,0,0,0,0,0,0,0
1225,201901688,9,1,1,0,0,0,0,0,0,0,1,0,0,0,0,0,0,0,0
1226,201901701,1,3,0,0,0,0,1,0,0,0,0,0,0,1,0,0,0,0,0
1227,201901701,2,0,0,0,0,0,1,0,0,0,0,0,0,0,1,0,0,0,0
1228,201901701,3,3,1,0,0,0,0,0,0,0,1,0,0,0,0,0,0,0,0
1229,201901701,4,0,0,0,0,0,0,0,1,0,0,0,0,0,0,0,1,0,0
1230,201901701,5,0,0,0,0,0,1,0,0,0,1,0,0,0,0,0,0,0,0
1231,201901701,6,1,0,0,0,0,1,0,0,0,0,0,0,0,0,0,1,0,0
1232,201901701,7,0,1,0,0,0,0,0,0,0,0,0,0,0,1,0,0,0,0
1233,201901701,8,2,0,0,0,0,1,0,0,0,0,0,0,0,1,0,0,0,0
1234,201901701,9,2,0,0,0,0,1,0,0,0,0,0,0,0,0,1,0,0,0
1235,201901707,1,0,0,0,0,0,0,0,1,0,0,0,0,0,0,0,1,0,0
1236,201901707,2,0,0,0,0,0,0,0,1,0,0,0,0,0,0,0,1,0,0
1237,201901707,3,0,0,0,0,0,1,0,0,0,0,0,0,0,1,0,0,0,0
1238,201901707,4,4,0,0,0,0,1,0,0,0,0,1,0,0,0,0,0,0,0
1239,201901707,5,2,0,0,0,0,1,0,0,0,0,0,0,1,0,0,0,0,0
1240,201901707,6,5,0,0,0,0,0,1,0,0,0,0,0,0,1,0,0,0,0
1241,201901707,7,0,0,0,0,0,1,0,0,0,0,0,0,0,1,0,0,0,0
1242,201901707,8,0,0,0,0,0,0,1,0,0,0,0,0,0,1,0,0,0,0
1243,201901707,9,3,0,0,0,1,0,0,0,0,0,1,0,0,0,0,0,0,0
1244,201901711,1,0,0,0,0,0,0,0,1,0,0,1,0,0,0,0,0,0,0
1245,201901711,2,0,0,0,0,0,0,0,1,0,0,0,0,0,0,1,0,0,0
1246,201901711,3,0,0,0,0,0,0,0,1,0,0,0,0,0,1,0,0,0,0
1247,201901711,4,0,0,0,0,0,1,0,0,0,0,0,0,0,1,0,0,0,0
1248,201901711,5,0,0,0,0,0,0,0,1,0,0,0,0,0,1,0,0,0,0
1249,201901711,6,1,0,0,0,0,1,0,0,0,0,0,0,1,0,0,0,0,0
1250,201901711,7,0,0,0,0,0,0,0,1,0,0,0,0,0,1,0,0,0,0
1251,201901711,8,0,0,0,0,0,0,0,1,0,0,0,0,0,0,0,1,0,0
1252,201901711,9,0,0,0,0,0,0,0,0,1,0,0,0,0,0,0,0,0,1
1253,201901721,1,2,0,1,0,0,0,0,0,0,0,0,0,0,0,0,1,0,0
1254,201901721,2,0,0,0,0,0,1,0,0,0,0,0,0,0,1,0,0,0,0
1255,201901721,3,3,0,0,0,1,0,0,0,0,0,0,0,0,0,1,0,0,0
1256,201901721,4,0,0,0,0,0,0,0,1,0,0,0,0,0,1,0,0,0,0
1257,201901721,5,0,0,0,0,0,0,0,1,0,0,0,0,0,1,0,0,0,0
1258,201901721,6,3,0,1,0,0,0,0,0,0,1,0,0,0,0,0,0,0,0
1259,201901721,7,0,0,0,0,0,1,0,0,0,0,0,0,0,1,0,0,0,0
1260,201901721,8,0,0,0,0,0,1,0,0,0,0,0,0,0,0,0,1,0,0
1261,201901721,9,0,0,0,0,0,0,0,1,0,0,0,0,0,1,0,0,0,0
1262,201901745,1,3,0,0,0,0,0,0,1,0,0,0,0,0,1,0,0,0,0
1263,201901745,2,5,1,0,0,0,0,0,0,0,0,0,0,0,1,0,0,0,0
1264,201901745,3,1,0,0,0,1,0,0,0,0,0,0,0,0,1,0,0,0,0
1265,201901745,4,0,0,0,0,0,1,0,0,0,0,0,0,0,1,0,0,0,0
1266,201901745,5,4,0,1,0,0,0,0,0,0,0,0,0,0,0,1,0,0,0
1267,201901745,6,1,0,1,0,0,0,0,0,0,1,0,0,0,0,0,0,0,0
1268,201901745,7,6,0,1,0,0,0,0,0,0,0,0,0,0,1,0,0,0,0
1269,201901745,8,0,1,0,0,0,0,0,0,0,0,0,0,0,1,0,0,0,0
1270,201901745,9,3,0,0,0,0,1,0,0,0,0,1,0,0,0,0,0,0,0
1271,201901746,1,0,0,0,0,0,1,0,0,0,0,0,0,0,0,0,1,0,0
1272,201901746,2,0,0,0,0,0,1,0,0,0,0,0,0,0,1,0,0,0,0
1273,201901746,3,0,0,0,0,0,1,0,0,0,0,0,0,0,1,0,0,0,0
1274,201901746,4,2,1,0,0,0,0,0,0,0,0,0,0,0,1,0,0,0,0
1275,201901746,5,0,0,0,0,0,0,1,0,0,0,0,0,0,1,0,0,0,0
1276,201901746,6,0,1,0,0,0,0,0,0,0,0,0,0,0,0,0,1,0,0
1277,201901746,7,2,0,0,0,0,1,0,0,0,0,0,0,0,1,0,0,0,0
1278,201901746,8,1,0,0,0,0,0,1,0,0,0,0,0,0,0,0,1,0,0
1279,201901746,9,2,0,0,0,0,0,0,1,0,0,0,0,0,0,1,0,0,0
1280,201901788,1,0,0,0,0,0,1,0,0,0,0,0,0,0,0,1,0,0,0
1281,201901788,2,0,0,0,0,0,1,0,0,0,1,0,0,0,0,0,0,0,0
1282,201901788,3,3,1,0,0,0,0,0,0,0,1,0,0,0,0,0,0,0,0
1283,201901788,4,0,0,0,0,0,1,0,0,0,0,0,0,0,0,0,1,0,0
1284,201901788,5,4,1,0,0,0,0,0,0,0,0,0,0,1,0,0,0,0,0
1285,201901788,6,1,0,0,0,0,0,1,0,0,1,0,0,0,0,0,0,0,0
1286,201901788,7,2,0,0,0,0,1,0,0,0,0,0,0,0,0,0,0,1,0
1287,201901788,8,0,0,0,0,0,0,0,1,0,0,0,0,0,1,0,0,0,0
1288,201901788,9,0,0,0,0,0,1,0,0,0,0,0,0,0,1,0,0,0,0
1289,201901813,1,0,0,0,0,0,1,0,0,0,0,0,0,0,0,0,1,0,0
1290,201901813,2,5,0,0,0,0,1,0,0,0,1,0,0,0,0,0,0,0,0
1291,201901813,3,1,0,0,0,0,0,0,1,0,0,0,0,0,1,0,0,0,0
1292,201901813,4,4,0,0,0,0,0,1,0,0,0,0,0,0,1,0,0,0,0
1293,201901813,5,1,0,0,0,0,0,0,1,0,0,0,0,0,0,0,1,0,0
1294,201901813,6,1,0,0,0,1,0,0,0,0,0,0,0,0,1,0,0,0,0
1295,201901813,7,0,0,0,0,0,0,0,0,1,0,0,0,0,1,0,0,0,0
1296,201901813,8,1,1,0,0,0,0,0,0,0,0,0,0,0,1,0,0,0,0
1297,201901813,9,0,0,0,0,0,0,0,1,0,1,0,0,0,0,0,0,0,0
1298,201901819,1,0,0,0,0,0,1,0,0,0,0,0,0,0,1,0,0,0,0
1299,201901819,2,0,1,0,0,0,0,0,0,0,0,0,0,0,1,0,0,0,0
1300,201901819,3,2,0,1,0,0,0,0,0,0,1,0,0,0,0,0,0,0,0
1301,201901819,4,1,0,1,0,0,0,0,0,0,0,0,0,0,0,0,0,0,1
1302,201901819,5,0,0,0,0,0,0,0,1,0,0,0,0,0,0,0,1,0,0
1303,201901819,6,0,0,1,0,0,0,0,0,0,0,0,0,0,1,0,0,0,0
1304,201901819,7,0,0,0,0,0,1,0,0,0,0,0,0,0,0,0,1,0,0
1305,201901819,8,4,1,0,0,0,0,0,0,0,1,0,0,0,0,0,0,0,0
1306,201901819,9,0,0,0,0,0,1,0,0,0,0,0,0,0,1,0,0,0,0
1307,201901842,1,6,0,0,0,0,1,0,0,0,1,0,0,0,0,0,0,0,0
1308,201901842,2,2,0,0,0,0,0,1,0,0,1,0,0,0,0,0,0,0,0
1309,201901842,3,0,1,0,0,0,0,0,0,0,1,0,0,0,0,0,0,0,0
1310,201901842,4,0,0,0,0,0,1,0,0,0,0,0,0,0,0,0,1,0,0
1311,201901842,5,1,0,0,0,0,0,0,1,0,1,0,0,0,0,0,0,0,0
1312,201901842,6,0,0,0,0,0,1,0,0,0,0,0,0,0,1,0,0,0,0
1313,201901842,7,0,0,0,0,0,1,0,0,0,0,0,0,0,0,0,1,0,0
1314,201901842,8,1,0,1,0,0,0,0,0,0,0,0,0,0,1,0,0,0,0
1315,201901842,9,2,0,0,0,0,1,0,0,0,1,0,0,0,0,0,0,0,0
1316,201901857,1,2,0,0,0,0,0,1,0,0,0,0,0,0,0,0,1,0,0
1317,201901857,2,0,0,0,0,0,0,0,1,0,1,0,0,0,0,0,0,0,0
1318,201901857,3,0,0,0,0,0,1,0,0,0,0,0,0,0,0,0,1,0,0
1319,201901857,4,1,0,0,0,0,1,0,0,0,0,1,0,0,0,0,0,0,0
1320,201901857,5,0,0,0,0,0,1,0,0,0,0,0,0,0,1,0,0,0,0
1321,201901857,6,0,0,0,0,0,0,0,1,0,0,0,0,0,0,0,1,0,0
1322,201901857,7,0,0,0,0,0,0,0,1,0,0,0,0,0,1,0,0,0,0
1323,201901857,8,3,1,0,0,0,0,0,0,0,0,1,0,0,0,0,0,0,0
1324,201901857,9,0,0,0,0,0,1,0,0,0,0,0,0,0,1,0,0,0,0
1325,201901858,1,3,1,0,0,0,0,0,0,0,0,0,1,0,0,0,0,0,0
1326,201901858,2,0,0,0,0,0,1,0,0,0,0,0,0,0,0,0,1,0,0
1327,201901858,3,0,0,0,0,0,1,0,0,0,0,0,0,0,1,0,0,0,0
1328,201901858,4,0,0,0,0,0,0,1,0,0,0,0,0,0,1,0,0,0,0
1329,201901858,5,0,0,0,0,0,0,0,1,0,0,0,0,0,1,0,0,0,0
1330,201901858,6,0,0,0,0,0,1,0,0,0,1,0,0,0,0,0,0,0,0
1331,201901858,7,6,0,1,0,0,0,0,0,0,0,0,0,0,0,0,0,0,1
1332,201901858,8,1,0,0,0,0,0,0,1,0,0,0,0,0,1,0,0,0,0
1333,201901858,9,1,0,0,0,1,0,0,0,0,0,0,0,0,1,0,0,0,0
1334,201901871,1,4,0,0,0,0,1,0,0,0,0,0,0,1,0,0,0,0,0
1335,201901871,2,4,0,0,0,0,0,1,0,0,0,0,0,0,1,0,0,0,0
1336,201901871,3,0,1,0,0,0,0,0,0,0,0,0,0,0,0,0,1,0,0
1337,201901871,4,3,0,0,0,0,0,1,0,0,0,0,0,0,0,0,1,0,0
1338,201901871,5,0,1,0,0,0,0,0,0,0,0,0,0,0,1,0,0,0,0
1339,201901871,6,0,1,0,0,0,0,0,0,0,0,0,0,0,1,0,0,0,0
1340,201901871,7,0,0,0,0,0,0,0,1,0,0,0,0,0,1,0,0,0,0
1341,201901871,8,0,0,0,0,0,1,0,0,0,0,0,0,0,1,0,0,0,0
1342,201901871,9,2,0,1,0,0,0,0,0,0,0,0,0,1,0,0,0,0,0
1343,201901872,1,3,1,0,0,0,0,0,0,0,0,0,0,1,0,0,0,0,0
1344,201901872,2,0,0,0,0,0,1,0,0,0,0,0,0,0,0,0,1,0,0
1345,201901872,3,0,0,0,0,0,1,0,0,0,0,0,0,0,0,1,0,0,0
1346,201901872,4,0,0,0,0,0,1,0,0,0,0,0,0,0,1,0,0,0,0
1347,201901872,5,2,1,0,0,0,0,0,0,0,0,0,0,0,1,0,0,0,0
1348,201901872,6,0,0,0,0,0,1,0,0,0,0,0,0,0,0,0,1,0,0
1349,201901872,7,0,0,0,0,0,1,0,0,0,0,0,0,0,1,0,0,0,0
1350,201901872,8,0,0,0,0,0,1,0,0,0,0,0,0,0,0,1,0,0,0
1351,201901872,9,0,0,0,0,0,0,0,1,0,0,0,0,0,1,0,0,0,0
1352,201901888,1,0,0,0,0,0,1,0,0,0,0,0,0,0,0,0,1,0,0
1353,201901888,2,0,0,0,0,0,1,0,0,0,0,0,0,0,0,0,1,0,0
1354,201901888,3,0,0,0,0,0,0,0,1,0,1,0,0,0,0,0,0,0,0
1355,201901888,4,2,0,0,0,0,1,0,0,0,0,1,0,0,0,0,0,0,0
1356,201901888,5,2,1,0,0,0,0,0,0,0,1,0,0,0,0,0,0,0,0
1357,201901888,6,3,0,0,0,0,1,0,0,0,1,0,0,0,0,0,0,0,0
1358,201901888,7,0,0,0,0,0,1,0,0,0,0,0,0,0,1,0,0,0,0
1359,201901888,8,0,0,0,0,0,1,0,0,0,0,0,0,0,0,0,1,0,0
1360,201901888,9,0,0,0,0,0,0,1,0,0,0,0,0,0,1,0,0,0,0
1361,201901889,1,2,1,0,0,0,0,0,0,0,0,0,0,0,1,0,0,0,0
1362,201901889,2,0,0,0,0,0,0,0,1,0,0,0,0,0,1,0,0,0,0
1363,201901889,3,1,1,0,0,0,0,0,0,0,1,0,0,0,0,0,0,0,0
1364,201901889,4,0,0,0,0,0,1,0,0,0,0,0,0,0,0,0,0,1,0
1365,201901889,5,1,0,1,0,0,0,0,0,0,0,0,0,0,0,0,1,0,0
1366,201901889,6,0,0,1,0,0,0,0,0,0,0,0,0,0,0,1,0,0,0
1367,201901889,7,0,0,0,0,0,0,0,1,0,0,0,0,0,1,0,0,0,0
1368,201901889,8,0,0,0,0,0,0,0,1,0,0,0,0,0,1,0,0,0,0
1369,201901889,9,0,0,0,0,0,0,0,1,0,1,0,0,0,0,0,0,0,0
1370,201901909,1,0,0,0,0,0,0,0,1,0,0,0,0,0,1,0,0,0,0
1371,201901909,2,0,0,0,0,0,1,0,0,0,0,0,0,0,1,0,0,0,0
1372,201901909,3,1,0,0,0,0,1,0,0,0,0,0,0,0,1,0,0,0,0
1373,201901909,4,0,0,0,0,0,1,0,0,0,0,0,0,0,1,0,0,0,0
1374,201901909,5,1,0,0,0,0,1,0,0,0,0,0,0,1,0,0,0,0,0
1375,201901909,6,2,0,0,0,0,1,0,0,0,0,0,0,0,0,1,0,0,0
1376,201901909,7,0,0,0,0,0,1,0,0,0,0,0,0,0,1,0,0,0,0
1377,201901909,8,0,0,0,0,0,1,0,0,0,0,0,0,0,0,0,1,0,0
1378,201901909,9,1,0,1,0,0,0,0,0,0,0,0,0,0,1,0,0,0,0
1379,201901916,1,3,0,1,0,0,0,0,0,0,1,0,0,0,0,0,0,0,0
1380,201901916,2,3,0,0,0,0,0,1,0,0,1,0,0,0,0,0,0,0,0
1381,201901916,3,0,1,0,0,0,0,0,0,0,0,0,0,0,1,0,0,0,0
1382,201901916,4,1,0,0,0,0,1,0,0,0,1,0,0,0,0,0,0,0,0
1383,201901916,5,0,0,0,0,0,1,0,0,0,0,0,0,0,1,0,0,0,0
1384,201901916,6,4,0,0,0,0,1,0,0,0,1,0,0,0,0,0,0,0,0
1385,201901916,7,0,0,0,0,0,1,0,0,0,0,0,0,0,1,0,0,0,0
1386,201901916,8,0,0,0,0,0,1,0,0,0,0,0,0,0,1,0,0,0,0
1387,201901916,9,0,0,0,0,0,1,0,0,0,0,0,0,0,1,0,0,0,0
1388,201901917,1,0,0,0,0,0,1,0,0,0,0,0,0,0,0,0,1,0,0
1389,201901917,2,1,0,0,0,1,0,0,0,0,0,0,0,0,0,1,0,0,0
1390,201901917,3,0,0,0,0,0,1,0,0,0,0,0,0,0,0,0,1,0,0
1391,201901917,4,0,0,0,0,0,0,0,1,0,1,0,0,0,0,0,0,0,0
1392,201901917,5,0,0,0,0,0,1,0,0,0,0,0,0,0,0,0,1,0,0
1393,201901917,6,0,0,0,0,0,0,0,1,0,1,0,0,0,0,0,0,0,0
1394,201901917,7,0,0,1,0,0,0,0,0,0,1,0,0,0,0,0,0,0,0
1395,201901917,8,1,0,0,0,0,1,0,0,0,0,1,0,0,0,0,0,0,0
1396,201901917,9,0,0,0,0,0,1,0,0,0,0,0,0,0,1,0,0,0,0
1397,201901921,1,0,1,0,0,0,0,0,0,0,0,0,0,0,0,0,1,0,0
1398,201901921,2,0,0,0,0,0,1,0,0,0,0,1,0,0,0,0,0,0,0
1399,201901921,3,2,0,0,0,0,1,0,0,0,0,0,0,1,0,0,0,0,0
1400,201901921,4,0,0,0,0,0,0,0,1,0,0,0,0,0,1,0,0,0,0
1401,201901921,5,5,1,0,0,0,0,0,0,0,1,0,0,0,0,0,0,0,0
1402,201901921,6,1,0,0,0,0,0,0,1,0,0,0,0,0,1,0,0,0,0
1403,201901921,7,0,0,0,0,0,1,0,0,0,0,0,0,0,1,0,0,0,0
1404,201901921,8,1,1,0,0,0,0,0,0,0,0,0,0,0,1,0,0,0,0
1405,201901921,9,1,0,0,0,1,0,0,0,0,0,0,0,0,1,0,0,0,0
1406,201901926,1,1,0,0,0,0,1,0,0,0,0,0,0,1,0,0,0,0,0
1407,201901926,2,0,0,0,0,0,1,0,0,0,0,0,0,0,1,0,0,0,0
1408,201901926,3,1,1,0,0,0,0,0,0,0,0,0,0,0,0,0,0,0,1
1409,201901926,4,2,0,0,0,0,1,0,0,0,1,0,0,0,0,0,0,0,0
1410,201901926,5,3,0,0,0,0,1,0,0,0,1,0,0,0,0,0,0,0,0
1411,201901926,6,0,0,0,0,0,1,0,0,0,0,0,0,0,1,0,0,0,0
1412,201901926,7,1,0,0,0,1,0,0,0,0,0,0,0,0,0,0,1,0,0
1413,201901926,8,0,0,0,0,0,0,0,1,0,1,0,0,0,0,0,0,0,0
1414,201901926,9,1,0,0,0,0,0,1,0,0,0,1,0,0,0,0,0,0,0
1415,201901936,1,0,0,0,0,0,1,0,0,0,0,0,0,0,1,0,0,0,0
1416,201901936,2,0,0,0,0,0,1,0,0,0,0,0,0,0,1,0,0,0,0
1417,201901936,3,0,0,1,0,0,0,0,0,0,0,0,0,0,1,0,0,0,0
1418,201901936,4,6,1,0,0,0,0,0,0,0,1,0,0,0,0,0,0,0,0
1419,201901936,5,0,0,1,0,0,0,0,0,0,0,0,0,0,1,0,0,0,0
1420,201901936,6,0,0,0,0,0,1,0,0,0,0,0,0,0,0,1,0,0,0
1421,201901936,7,3,0,0,0,0,0,0,1,0,0,1,0,0,0,0,0,0,0
1422,201901936,8,0,0,0,0,0,1,0,0,0,0,0,0,0,1,0,0,0,0
1423,201901936,9,0,0,0,0,0,0,0,1,0,0,1,0,0,0,0,0,0,0
1424,201901943,1,2,1,0,0,0,0,0,0,0,0,0,0,0,1,0,0,0,0
1425,201901943,2,0,0,0,0,0,1,0,0,0,0,0,0,0,1,0,0,0,0
1426,201901943,3,0,0,0,0,0,1,0,0,0,0,0,0,0,1,0,0,0,0
1427,201901943,4,2,0,0,0,1,0,0,0,0,0,1,0,0,0,0,0,0,0
1428,201901943,5,1,0,1,0,0,0,0,0,0,1,0,0,0,0,0,0,0,0
1429,201901943,6,0,0,0,0,0,0,1,0,0,0,0,0,0,1,0,0,0,0
1430,201901943,7,0,0,0,0,0,0,0,1,0,0,0,0,0,0,0,1,0,0
1431,201901943,8,0,0,0,0,0,0,0,1,0,0,0,0,0,0,0,1,0,0
1432,201901943,9,0,0,0,0,0,1,0,0,0,1,0,0,0,0,0,0,0,0
1433,201901958,1,0,0,0,0,0,1,0,0,0,0,1,0,0,0,0,0,0,0
1434,201901958,2,0,1,0,0,0,0,0,0,0,0,0,0,0,1,0,0,0,0
1435,201901958,3,0,1,0,0,0,0,0,0,0,0,0,0,0,0,0,0,0,1
1436,201901958,4,0,0,0,0,0,0,1,0,0,0,0,0,0,0,0,1,0,0
1437,201901958,5,0,0,1,0,0,0,0,0,0,0,0,0,0,1,0,0,0,0
1438,201901958,6,0,0,0,0,0,1,0,0,0,0,0,0,0,0,1,0,0,0
1439,201901958,7,0,0,0,0,0,1,0,0,0,0,0,0,0,0,0,1,0,0
1440,201901958,8,0,0,0,0,0,0,0,1,0,0,1,0,0,0,0,0,0,0
1441,201901958,9,1,0,0,0,0,0,0,1,0,0,0,1,0,0,0,0,0,0
1442,201901959,1,0,0,0,0,0,1,0,0,0,0,0,0,0,0,0,1,0,0
1443,201901959,2,0,1,0,0,0,0,0,0,0,0,0,0,0,1,0,0,0,0
1444,201901959,3,1,0,0,0,0,0,0,1,0,0,0,1,0,0,0,0,0,0
1445,201901959,4,0,0,0,0,0,1,0,0,0,0,0,0,0,1,0,0,0,0
1446,201901959,5,3,1,0,0,0,0,0,0,0,0,0,0,0,0,0,0,0,1
1447,201901959,6,0,0,0,0,0,1,0,0,0,0,0,0,0,1,0,0,0,0
1448,201901959,7,0,1,0,0,0,0,0,0,0,0,0,0,0,0,0,1,0,0
1449,201901959,8,1,0,0,0,1,0,0,0,0,0,0,0,0,1,0,0,0,0
1450,201901959,9,1,0,0,0,1,0,0,0,0,0,0,0,0,0,1,0,0,0
1451,201901961,1,0,0,0,0,0,1,0,0,0,0,0,0,0,0,0,1,0,0
1452,201901961,2,4,0,0,0,1,0,0,0,0,0,0,0,0,1,0,0,0,0
1453,201901961,3,0,0,0,0,0,1,0,0,0,0,0,0,0,1,0,0,0,0
1454,201901961,4,1,0,0,0,0,1,0,0,0,0,0,0,1,0,0,0,0,0
1455,201901961,5,0,0,0,0,0,1,0,0,0,0,0,0,0,1,0,0,0,0
1456,201901961,6,0,1,0,0,0,0,0,0,0,0,0,0,0,1,0,0,0,0
1457,201901961,7,0,0,0,0,0,1,0,0,0,0,0,0,0,0,0,1,0,0
1458,201901961,8,0,0,0,0,0,1,0,0,0,0,0,0,0,0,0,1,0,0
1459,201901961,9,0,0,0,0,0,0,0,1,0,0,0,0,0,1,0,0,0,0
1460,201901964,1,2,0,0,0,0,1,0,0,0,0,1,0,0,0,0,0,0,0
1461,201901964,3,0,0,0,0,0,1,0,0,0,0,0,0,0,1,0,0,0,0
1462,201901964,4,1,0,0,0,0,0,0,1,0,0,0,0,0,0,0,1,0,0
1463,201901964,5,0,0,0,0,0,1,0,0,0,0,0,0,0,1,0,0,0,0
1464,201901964,6,2,0,0,0,0,0,0,1,0,1,0,0,0,0,0,0,0,0
1465,201901964,7,0,0,0,0,0,1,0,0,0,0,0,0,0,1,0,0,0,0
1466,201901964,8,1,1,0,0,0,0,0,0,0,0,0,0,0,0,1,0,0,0
1467,201901964,9,0,0,0,0,0,0,0,0,1,0,0,0,0,0,0,1,0,0
1468,201901968,1,1,0,0,0,0,0,0,1,0,0,0,0,0,0,1,0,0,0
1469,201901968,2,1,0,0,0,0,1,0,0,0,0,0,0,1,0,0,0,0,0
1470,201901968,3,0,0,0,0,0,0,1,0,0,0,0,0,0,1,0,0,0,0
1471,201901968,4,2,1,0,0,0,0,0,0,0,0,0,0,1,0,0,0,0,0
1472,201901968,5,2,0,0,0,0,1,0,0,0,0,0,0,1,0,0,0,0,0
1473,201901968,6,0,0,0,0,0,0,1,0,0,0,0,0,0,1,0,0,0,0
1474,201901968,7,4,0,0,0,0,0,1,0,0,0,1,0,0,0,0,0,0,0
1475,201901968,8,0,0,0,0,0,0,0,1,0,0,0,0,0,1,0,0,0,0
1476,201901968,9,0,0,0,0,0,0,0,1,0,0,0,0,0,1,0,0,0,0
1477,201901982,1,0,1,0,0,0,0,0,0,0,0,0,0,0,1,0,0,0,0
1478,201901982,2,0,0,0,0,0,1,0,0,0,0,0,0,0,1,0,0,0,0
1479,201901982,3,2,0,0,0,0,1,0,0,0,0,0,1,0,0,0,0,0,0
1480,201901982,4,0,1,0,0,0,0,0,0,0,0,0,0,0,0,0,1,0,0
1481,201901982,5,3,0,0,0,0,0,0,1,0,1,0,0,0,0,0,0,0,0
1482,201901982,6,0,0,0,0,0,1,0,0,0,0,0,0,0,1,0,0,0,0
1483,201901982,7,1,0,0,0,1,0,0,0,0,0,0,0,0,1,0,0,0,0
1484,201901982,8,0,0,0,0,0,0,0,1,0,0,0,0,0,0,1,0,0,0
1485,201901982,9,1,0,0,0,1,0,0,0,0,0,1,0,0,0,0,0,0,0
1486,201901985,1,0,1,0,0,0,0,0,0,0,0,0,0,0,0,0,1,0,0
1487,201901985,2,1,0,0,0,1,0,0,0,0,0,0,0,0,0,0,1,0,0
1488,201901985,3,0,0,0,0,0,1,0,0,0,0,0,0,0,1,0,0,0,0
1489,201901985,4,0,0,0,0,0,1,0,0,0,0,0,0,0,0,0,1,0,0
1490,201901985,5,0,0,0,0,0,1,0,0,0,0,0,0,0,1,0,0,0,0
1491,201901985,6,1,0,1,0,0,0,0,0,0,0,0,0,0,0,0,0,0,1
1492,201901985,7,0,0,0,0,0,0,1,0,0,0,0,0,0,1,0,0,0,0
1493,201901985,8,1,0,0,0,0,0,0,1,0,0,0,0,1,0,0,0,0,0
1494,201901985,9,1,0,0,0,1,0,0,0,0,1,0,0,0,0,0,0,0,0
1495,201901993,1,0,0,0,0,0,1,0,0,0,0,0,0,0,1,0,0,0,0
1496,201901993,2,1,0,0,0,0,1,0,0,0,0,0,0,1,0,0,0,0,0
1497,201901993,3,0,0,0,0,0,0,0,1,0,0,0,0,0,1,0,0,0,0
1498,201901993,4,0,0,0,0,0,0,0,1,0,0,0,0,0,1,0,0,0,0
1499,201901993,5,0,0,0,0,0,1,0,0,0,0,0,0,0,1,0,0,0,0
1500,201901993,6,0,0,0,0,0,1,0,0,0,0,0,0,0,1,0,0,0,0
1501,201901993,7,3,0,0,0,0,0,0,1,0,1,0,0,0,0,0,0,0,0
1502,201901993,8,0,0,0,0,0,0,0,1,0,0,0,0,0,0,0,1,0,0
1503,201901993,9,0,0,0,0,0,0,1,0,0,0,0,0,0,0,0,1,0,0
1504,201902030,1,2,0,0,0,1,0,0,0,0,1,0,0,0,0,0,0,0,0
1505,201902030,2,3,1,0,0,0,0,0,0,0,1,0,0,0,0,0,0,0,0
1506,201902030,3,0,0,0,0,0,1,0,0,0,1,0,0,0,0,0,0,0,0
1507,201902030,4,2,0,0,0,0,1,0,0,0,0,0,0,1,0,0,0,0,0
1508,201902030,5,0,0,0,0,0,0,1,0,0,0,0,0,0,0,0,0,0,1
1509,201902030,6,0,0,0,0,0,1,0,0,0,0,0,0,0,1,0,0,0,0
1510,201902030,7,3,0,0,0,0,1,0,0,0,1,0,0,0,0,0,0,0,0
1511,201902030,8,0,0,0,0,0,0,0,1,0,1,0,0,0,0,0,0,0,0
1512,201902030,9,1,1,0,0,0,0,0,0,0,1,0,0,0,0,0,0,0,0
1513,201902047,1,2,0,0,0,1,0,0,0,0,0,1,0,0,0,0,0,0,0
1514,201902047,2,1,0,0,0,0,0,0,1,0,0,0,0,1,0,0,0,0,0
1515,201902047,3,0,0,0,0,0,1,0,0,0,0,0,0,0,1,0,0,0,0
1516,201902047,4,0,0,0,0,0,1,0,0,0,0,0,0,0,1,0,0,0,0
1517,201902047,5,0,0,0,0,0,0,0,1,0,0,0,0,0,1,0,0,0,0
1518,201902047,6,4,0,0,1,0,0,0,0,0,0,0,0,0,1,0,0,0,0
1519,201902047,7,0,0,0,0,0,0,0,1,0,0,1,0,0,0,0,0,0,0
1520,201902047,8,0,0,0,0,0,0,0,1,0,0,0,0,0,0,0,1,0,0
1521,201902047,9,1,1,0,0,0,0,0,0,0,0,0,0,0,1,0,0,0,0
1522,201902054,1,0,0,0,0,0,1,0,0,0,0,0,0,0,0,0,1,0,0
1523,201902054,2,2,1,0,0,0,0,0,0,0,0,0,0,0,0,1,0,0,0
1524,201902054,3,0,0,0,0,0,1,0,0,0,0,0,0,0,1,0,0,0,0
1525,201902054,4,5,0,0,0,0,1,0,0,0,0,0,0,0,0,1,0,0,0
1526,201902054,5,0,0,0,0,0,1,0,0,0,1,0,0,0,0,0,0,0,0
1527,201902054,6,0,0,0,0,0,1,0,0,0,0,0,0,0,0,0,1,0,0
1528,201902054,7,0,0,0,0,0,1,0,0,0,0,0,0,0,1,0,0,0,0
1529,201902054,8,0,0,0,0,0,1,0,0,0,0,0,0,0,0,1,0,0,0
1530,201902054,9,0,0,0,0,0,0,0,1,0,0,0,0,0,0,0,1,0,0
1531,201902071,1,0,0,0,0,0,0,0,1,0,0,1,0,0,0,0,0,0,0
1532,201902071,2,0,0,0,0,0,1,0,0,0,0,0,0,0,1,0,0,0,0
1533,201902071,3,1,0,1,0,0,0,0,0,0,0,0,0,0,0,0,0,0,1
1534,201902071,4,1,0,0,0,0,0,0,1,0,0,1,0,0,0,0,0,0,0
1535,201902071,5,2,0,0,0,0,0,1,0,0,0,0,0,0,0,1,0,0,0
1536,201902071,6,0,0,0,0,0,0,0,1,0,0,0,0,0,0,0,1,0,0
1537,201902071,7,0,0,0,0,0,0,0,1,0,0,0,0,0,1,0,0,0,0
1538,201902071,8,0,0,0,0,0,1,0,0,0,0,0,0,0,0,0,1,0,0
1539,201902071,9,2,0,0,0,1,0,0,0,0,0,1,0,0,0,0,0,0,0
1540,201902081,1,1,0,0,0,0,1,0,0,0,0,0,0,0,1,0,0,0,0
1541,201902081,2,0,1,0,0,0,0,0,0,0,0,0,0,0,0,0,1,0,0
1542,201902081,3,0,0,0,0,0,1,0,0,0,0,0,0,0,1,0,0,0,0
1543,201902081,4,0,0,0,0,0,1,0,0,0,0,0,0,0,1,0,0,0,0
1544,201902081,5,2,0,0,0,0,0,0,1,0,0,0,0,0,1,0,0,0,0
1545,201902081,6,0,0,0,0,0,1,0,0,0,0,0,0,0,1,0,0,0,0
1546,201902081,7,2,0,0,0,0,1,0,0,0,0,0,0,0,1,0,0,0,0
1547,201902081,8,0,0,0,0,0,1,0,0,0,0,0,0,0,0,0,1,0,0
1548,201902081,9,0,0,0,0,0,1,0,0,0,0,0,0,0,1,0,0,0,0
1549,201902093,2,0,0,0,0,0,0,0,1,0,0,0,0,0,0,1,0,0,0
1550,201902093,3,0,0,0,0,0,0,0,1,0,0,0,0,0,1,0,0,0,0
1551,201902093,4,0,0,0,0,0,1,0,0,0,0,0,0,0,1,0,0,0,0
1552,201902093,5,1,0,0,0,0,0,1,0,0,0,0,0,0,0,1,0,0,0
1553,201902093,6,0,0,0,0,0,1,0,0,0,0,0,0,0,0,1,0,0,0
1554,201902093,7,1,0,0,0,0,1,0,0,0,0,0,0,0,0,1,0,0,0
1555,201902093,8,0,0,0,0,0,1,0,0,0,0,0,0,0,1,0,0,0,0
1556,201902093,9,0,0,0,0,0,1,0,0,0,0,0,0,0,0,1,0,0,0
1557,201902097,1,0,0,0,0,0,1,0,0,0,0,0,0,0,1,0,0,0,0
1558,201902097,2,0,0,0,0,0,0,0,1,0,0,0,0,0,1,0,0,0,0
1559,201902097,3,0,0,0,0,0,1,0,0,0,0,0,0,0,0,0,1,0,0
1560,201902097,4,0,0,0,0,0,1,0,0,0,0,0,0,0,1,0,0,0,0
1561,201902097,5,0,0,0,0,0,1,0,0,0,0,0,0,0,0,0,1,0,0
1562,201902097,6,0,0,0,0,0,0,0,1,0,0,0,0,0,1,0,0,0,0
1563,201902097,7,2,1,0,0,0,0,0,0,0,0,0,0,0,1,0,0,0,0
1564,201902097,8,0,0,0,0,0,0,0,1,0,0,0,0,0,1,0,0,0,0
1565,201902097,9,1,0,0,0,0,1,0,0,0,0,0,0,0,0,1,0,0,0
1566,201902101,1,0,1,0,0,0,0,0,0,0,0,0,0,0,1,0,0,0,0
1567,201902101,2,0,0,0,0,0,1,0,0,0,0,0,0,0,1,0,0,0,0
1568,201902101,3,1,0,0,0,1,0,0,0,0,0,0,0,0,1,0,0,0,0
1569,201902101,4,0,0,0,0,0,1,0,0,0,0,0,0,0,0,1,0,0,0
1570,201902101,5,5,0,0,0,0,1,0,0,0,1,0,0,0,0,0,0,0,0
1571,201902101,6,0,0,0,0,0,0,1,0,0,0,0,0,0,0,0,1,0,0
1572,201902101,7,0,0,1,0,0,0,0,0,0,0,0,0,0,0,0,1,0,0
1573,201902101,8,1,0,1,0,0,0,0,0,0,0,0,0,0,0,0,0,0,1
1574,201902101,9,0,0,0,0,0,1,0,0,0,0,0,0,0,1,0,0,0,0
1575,201902131,1,0,0,0,0,0,1,0,0,0,0,0,0,0,1,0,0,0,0
1576,201902131,2,1,0,0,0,0,0,1,0,0,0,0,0,0,1,0,0,0,0
1577,201902131,3,0,0,0,0,0,1,0,0,0,0,1,0,0,0,0,0,0,0
1578,201902131,4,0,0,0,0,0,0,1,0,0,0,0,0,0,1,0,0,0,0
1579,201902131,5,2,0,0,0,0,0,0,0,1,0,0,0,0,1,0,0,0,0
1580,201902131,6,0,0,0,0,0,1,0,0,0,0,0,0,0,1,0,0,0,0
1581,201902131,7,0,0,0,0,0,1,0,0,0,0,0,0,0,1,0,0,0,0
1582,201902131,8,0,0,0,0,0,0,0,1,0,0,0,0,0,0,1,0,0,0
1583,201902131,9,0,0,0,0,0,1,0,0,0,0,0,0,0,0,1,0,0,0
1584,201902138,1,0,0,0,0,0,1,0,0,0,0,0,0,0,0,0,1,0,0
1585,201902138,3,1,0,0,0,0,0,1,0,0,0,0,0,0,0,0,1,0,0
1586,201902138,4,1,0,0,0,0,1,0,0,0,0,0,0,0,0,0,1,0,0
1587,201902138,5,2,1,0,0,0,0,0,0,0,0,0,0,0,1,0,0,0,0
1588,201902138,6,3,0,1,0,0,0,0,0,0,0,0,0,0,0,0,0,0,1
1589,201902138,7,3,1,0,0,0,0,0,0,0,0,0,0,0,0,0,1,0,0
1590,201902138,8,0,0,0,0,0,0,0,1,0,0,0,0,0,0,0,1,0,0
1591,201902138,9,0,0,0,0,0,1,0,0,0,0,0,0,0,1,0,0,0,0
1592,201902160,1,4,0,0,0,0,0,0,1,0,1,0,0,0,0,0,0,0,0
1593,201902160,2,0,0,0,0,0,1,0,0,0,1,0,0,0,0,0,0,0,0
1594,201902160,3,2,1,0,0,0,0,0,0,0,0,0,0,1,0,0,0,0,0
1595,201902160,4,0,0,0,0,0,0,0,1,0,0,0,0,0,0,0,0,1,0
1596,201902160,5,1,0,0,0,0,1,0,0,0,0,0,0,0,1,0,0,0,0
1597,201902160,6,0,0,0,0,0,1,0,0,0,0,1,0,0,0,0,0,0,0
1598,201902160,7,0,0,0,0,0,0,0,1,0,0,0,0,0,1,0,0,0,0
1599,201902160,8,0,0,1,0,0,0,0,0,0,0,0,0,0,0,0,0,1,0
1600,201902160,9,0,0,0,0,0,1,0,0,0,0,0,0,0,1,0,0,0,0
1601,201902175,1,1,0,0,0,1,0,0,0,0,0,0,0,0,0,1,0,0,0
1602,201902175,2,0,0,0,0,0,1,0,0,0,0,0,0,0,1,0,0,0,0
1603,201902175,3,3,1,0,0,0,0,0,0,0,0,0,0,0,0,0,0,0,1
1604,201902175,4,1,0,0,0,0,1,0,0,0,0,1,0,0,0,0,0,0,0
1605,201902175,5,0,0,0,0,0,1,0,0,0,0,0,0,0,0,1,0,0,0
1606,201902175,6,0,1,0,0,0,0,0,0,0,0,0,0,0,1,0,0,0,0
1607,201902175,7,0,0,0,0,0,0,0,1,0,0,0,0,0,0,1,0,0,0
1608,201902175,8,0,0,0,0,0,1,0,0,0,0,0,0,0,1,0,0,0,0
1609,201902175,9,2,0,0,0,0,1,0,0,0,0,0,0,0,1,0,0,0,0
1610,201902176,1,0,0,0,0,0,1,0,0,0,0,0,0,0,0,0,1,0,0
1611,201902176,2,0,0,0,0,0,0,0,1,0,0,0,0,0,0,0,1,0,0
1612,201902176,3,0,0,0,0,0,1,0,0,0,0,0,0,0,1,0,0,0,0
1613,201902176,4,1,0,0,0,1,0,0,0,0,0,0,0,0,0,0,1,0,0
1614,201902176,5,0,0,0,0,0,0,0,1,0,0,0,0,0,1,0,0,0,0
1615,201902176,6,4,0,0,0,1,0,0,0,0,1,0,0,0,0,0,0,0,0
1616,201902176,7,0,0,0,0,0,1,0,0,0,1,0,0,0,0,0,0,0,0
1617,201902176,8,0,0,0,0,0,1,0,0,0,0,1,0,0,0,0,0,0,0
1618,201902176,9,0,0,0,0,0,0,0,1,0,0,0,0,0,0,0,1,0,0
1619,201902180,1,2,0,0,0,0,1,0,0,0,0,1,0,0,0,0,0,0,0
1620,201902180,2,0,0,0,0,0,0,0,1,0,0,0,0,0,1,0,0,0,0
1621,201902180,3,3,0,0,0,0,1,0,0,0,0,0,0,0,1,0,0,0,0
1622,201902180,4,0,0,0,0,0,0,1,0,0,0,0,0,0,0,0,1,0,0
1623,201902180,5,0,0,0,0,0,1,0,0,0,0,0,0,0,1,0,0,0,0
1624,201902180,6,0,0,0,0,0,1,0,0,0,0,0,0,0,0,0,1,0,0
1625,201902180,7,0,0,0,0,0,1,0,0,0,0,0,0,0,1,0,0,0,0
1626,201902180,8,0,0,0,0,0,1,0,0,0,1,0,0,0,0,0,0,0,0
1627,201902180,9,1,0,0,0,0,0,0,1,0,0,0,0,1,0,0,0,0,0
1628,201902186,2,1,1,0,0,0,0,0,0,0,0,0,0,0,1,0,0,0,0
1629,201902186,3,0,0,0,0,0,0,0,1,0,0,0,0,0,0,0,1,0,0
1630,201902186,5,0,0,0,0,0,0,0,1,0,0,0,0,0,0,0,1,0,0
1631,201902186,6,3,0,0,0,0,0,1,0,0,1,0,0,0,0,0,0,0,0
1632,201902186,7,0,0,0,0,0,0,0,1,0,0,0,0,0,1,0,0,0,0
1633,201902186,8,0,0,0,0,0,1,0,0,0,0,0,0,0,0,0,1,0,0
1634,201902186,9,1,0,0,0,0,0,1,0,0,0,0,0,0,0,0,0,0,1
1635,201902187,1,0,0,0,0,0,1,0,0,0,0,0,0,0,1,0,0,0,0
1636,201902187,2,1,1,0,0,0,0,0,0,0,0,0,0,0,1,0,0,0,0
1637,201902187,3,0,0,0,0,0,1,0,0,0,0,0,0,0,1,0,0,0,0
1638,201902187,4,0,0,0,0,0,1,0,0,0,0,0,0,0,0,0,1,0,0
1639,201902187,5,0,0,0,0,0,0,0,1,0,1,0,0,0,0,0,0,0,0
1640,201902187,6,3,0,1,0,0,0,0,0,0,1,0,0,0,0,0,0,0,0
1641,201902187,7,0,0,0,0,0,0,0,0,1,0,0,0,0,1,0,0,0,0
1642,201902187,8,0,0,0,0,0,1,0,0,0,0,0,0,0,1,0,0,0,0
1643,201902187,9,0,0,0,0,0,0,0,1,0,0,0,0,0,0,0,1,0,0
1644,201902205,1,1,0,0,0,0,1,0,0,0,0,0,0,0,1,0,0,0,0
1645,201902205,2,2,0,0,0,0,0,0,1,0,0,0,0,1,0,0,0,0,0
1646,201902205,3,3,0,0,0,0,0,1,0,0,0,0,0,0,0,0,1,0,0
1647,201902205,4,1,0,0,0,0,0,1,0,0,1,0,0,0,0,0,0,0,0
1648,201902205,5,0,0,0,0,0,1,0,0,0,0,0,0,0,0,0,1,0,0
1649,201902205,6,3,0,0,0,0,1,0,0,0,0,1,0,0,0,0,0,0,0
1650,201902205,7,0,0,0,0,0,0,1,0,0,0,0,0,0,0,0,1,0,0
1651,201902205,8,0,1,0,0,0,0,0,0,0,0,0,0,0,1,0,0,0,0
1652,201902205,9,4,1,0,0,0,0,0,0,0,0,0,0,0,1,0,0,0,0
1653,201902211,1,0,0,0,0,0,1,0,0,0,0,0,0,0,1,0,0,0,0
1654,201902211,2,0,0,0,0,0,1,0,0,0,0,0,0,0,0,0,1,0,0
1655,201902211,3,0,0,0,0,0,1,0,0,0,0,0,0,0,1,0,0,0,0
1656,201902211,4,0,0,0,0,0,0,0,1,0,1,0,0,0,0,0,0,0,0
1657,201902211,5,0,0,0,0,0,0,0,1,0,0,0,0,0,1,0,0,0,0
1658,201902211,6,0,1,0,0,0,0,0,0,0,0,0,0,0,0,0,0,0,1
1659,201902211,7,1,0,0,0,0,0,1,0,0,1,0,0,0,0,0,0,0,0
1660,201902211,8,0,0,0,0,0,1,0,0,0,0,0,0,0,0,1,0,0,0
1661,201902211,9,1,1,0,0,0,0,0,0,0,1,0,0,0,0,0,0,0,0
1662,201902250,1,3,1,0,0,0,0,0,0,0,0,1,0,0,0,0,0,0,0
1663,201902250,2,0,0,0,0,0,1,0,0,0,0,0,0,0,0,0,1,0,0
1664,201902250,3,0,0,0,0,0,0,0,1,0,0,0,0,0,0,0,1,0,0
1665,201902250,4,0,0,0,0,0,0,0,1,0,0,0,0,0,0,0,1,0,0
1666,201902250,5,1,0,0,0,0,1,0,0,0,1,0,0,0,0,0,0,0,0
1667,201902250,6,0,0,0,0,0,1,0,0,0,0,0,0,0,1,0,0,0,0
1668,201902250,7,0,0,0,0,0,0,0,1,0,0,0,0,0,1,0,0,0,0
1669,201902250,8,0,0,0,0,0,0,1,0,0,1,0,0,0,0,0,0,0,0
1670,201902250,9,0,0,0,0,0,0,0,1,0,0,0,0,0,1,0,0,0,0
1671,201902253,1,0,0,0,0,0,0,0,1,0,0,0,0,0,1,0,0,0,0
1672,201902253,2,0,0,0,0,0,1,0,0,0,0,0,0,0,1,0,0,0,0
1673,201902253,3,1,1,0,0,0,0,0,0,0,0,0,0,0,0,0,0,0,1
1674,201902253,4,0,0,0,0,0,0,1,0,0,0,0,0,0,1,0,0,0,0
1675,201902253,5,1,0,0,0,0,0,0,1,0,1,0,0,0,0,0,0,0,0
1676,201902253,6,3,0,0,0,0,0,0,1,0,0,0,0,0,0,0,1,0,0
1677,201902253,7,5,0,1,0,0,0,0,0,0,1,0,0,0,0,0,0,0,0
1678,201902253,8,2,0,0,0,1,0,0,0,0,0,1,0,0,0,0,0,0,0
1679,201902253,9,0,0,1,0,0,0,0,0,0,0,0,0,0,0,0,1,0,0
1680,201902270,1,0,0,0,0,0,0,0,1,0,0,0,0,0,1,0,0,0,0
1681,201902270,2,0,0,0,0,0,0,0,1,0,0,1,0,0,0,0,0,0,0
1682,201902270,3,0,0,0,0,0,0,0,1,0,0,0,0,0,1,0,0,0,0
1683,201902270,4,2,0,0,0,0,0,0,0,1,0,0,0,1,0,0,0,0,0
1684,201902270,5,0,0,0,0,0,0,0,1,0,0,0,0,0,1,0,0,0,0
1685,201902270,6,2,0,0,0,1,0,0,0,0,0,0,0,0,1,0,0,0,0
1686,201902270,7,0,0,0,0,0,0,0,1,0,0,0,0,0,1,0,0,0,0
1687,201902270,8,0,0,0,0,0,1,0,0,0,0,0,0,0,0,0,1,0,0
1688,201902270,9,0,0,0,0,0,1,0,0,0,0,0,0,0,0,0,1,0,0
1689,201902271,1,0,0,0,0,0,1,0,0,0,0,0,0,0,1,0,0,0,0
1690,201902271,2,0,0,0,0,0,1,0,0,0,0,0,0,0,1,0,0,0,0
1691,201902271,3,2,1,0,0,0,0,0,0,0,0,0,0,1,0,0,0,0,0
1692,201902271,4,0,0,0,0,0,1,0,0,0,0,0,0,0,0,0,1,0,0
1693,201902271,5,0,1,0,0,0,0,0,0,0,0,0,0,0,1,0,0,0,0
1694,201902271,6,0,1,0,0,0,0,0,0,0,0,0,0,0,0,0,1,0,0
1695,201902271,7,0,0,1,0,0,0,0,0,0,0,0,0,0,0,0,1,0,0
1696,201902271,8,0,1,0,0,0,0,0,0,0,1,0,0,0,0,0,0,0,0
1697,201902271,9,0,0,0,0,0,0,0,1,0,1,0,0,0,0,0,0,0,0
1698,201902288,1,0,0,0,0,0,0,0,1,0,0,0,0,0,0,0,1,0,0
1699,201902288,2,2,0,0,0,0,0,1,0,0,1,0,0,0,0,0,0,0,0
1700,201902288,3,0,0,0,0,0,1,0,0,0,0,0,0,0,1,0,0,0,0
1701,201902288,4,0,0,0,0,0,1,0,0,0,0,0,0,0,0,1,0,0,0
1702,201902288,5,0,0,0,0,0,0,0,1,0,0,0,0,0,1,0,0,0,0
1703,201902288,6,0,0,0,0,0,1,0,0,0,0,0,0,0,0,0,1,0,0
1704,201902288,7,0,1,0,0,0,0,0,0,0,0,0,0,0,0,0,0,0,1
1705,201902288,8,7,0,1,0,0,0,0,0,0,0,0,0,0,0,0,1,0,0
1706,201902288,9,0,0,0,0,0,1,0,0,0,0,0,0,0,0,0,1,0,0
1707,201902301,1,0,0,0,0,0,1,0,0,0,0,0,0,0,1,0,0,0,0
1708,201902301,2,0,0,0,0,0,0,0,1,0,0,0,0,0,1,0,0,0,0
1709,201902301,3,1,0,0,0,0,1,0,0,0,0,0,0,0,0,0,1,0,0
1710,201902301,4,3,0,0,0,0,1,0,0,0,0,0,0,0,0,1,0,0,0
1711,201902301,5,0,0,0,0,0,0,0,1,0,0,0,0,0,1,0,0,0,0
1712,201902301,6,1,0,0,0,0,1,0,0,0,0,0,0,0,1,0,0,0,0
1713,201902301,7,1,0,0,0,0,1,0,0,0,0,0,0,0,1,0,0,0,0
1714,201902301,8,0,0,0,0,0,0,0,1,0,0,0,0,0,1,0,0,0,0
1715,201902301,9,0,0,0,0,0,1,0,0,0,0,0,0,0,0,0,1,0,0
1716,201902307,1,0,0,0,0,0,1,0,0,0,0,0,0,0,0,0,1,0,0
1717,201902307,2,2,0,0,0,0,1,0,0,0,0,0,0,0,0,0,0,1,0
1718,201902307,3,0,0,0,0,0,1,0,0,0,0,0,0,0,1,0,0,0,0
1719,201902307,4,0,0,0,0,0,1,0,0,0,0,0,0,0,1,0,0,0,0
1720,201902307,5,0,0,0,0,0,0,0,1,0,0,0,0,0,0,0,1,0,0
1721,201902307,6,3,1,0,0,0,0,0,0,0,1,0,0,0,0,0,0,0,0
1722,201902307,7,0,0,0,0,0,1,0,0,0,0,0,0,0,1,0,0,0,0
1723,201902307,8,0,0,0,0,0,0,0,1,0,0,0,0,0,1,0,0,0,0
1724,201902307,9,7,1,0,0,0,0,0,0,0,0,0,0,0,0,0,0,0,1
1725,201902327,1,0,0,0,0,0,1,0,0,0,0,1,0,0,0,0,0,0,0
1726,201902327,2,0,0,0,0,0,1,0,0,0,0,0,0,0,0,0,1,0,0
1727,201902327,3,0,1,0,0,0,0,0,0,0,0,0,0,0,0,0,0,0,1
1728,201902327,4,0,0,0,0,0,1,0,0,0,0,0,0,0,1,0,0,0,0
1729,201902327,5,0,0,0,0,0,1,0,0,0,0,0,0,0,1,0,0,0,0
1730,201902327,6,3,1,0,0,0,0,0,0,0,0,0,0,0,1,0,0,0,0
1731,201902327,7,1,1,0,0,0,0,0,0,0,0,0,0,0,1,0,0,0,0
1732,201902327,8,0,0,0,0,0,1,0,0,0,0,0,0,0,0,0,1,0,0
1733,201902327,9,0,0,0,0,0,0,0,1,0,0,0,0,0,1,0,0,0,0
1734,201902346,1,0,0,0,0,0,0,0,1,0,0,0,0,0,1,0,0,0,0
1735,201902346,2,1,0,0,0,0,0,0,1,0,0,0,0,1,0,0,0,0,0
1736,201902346,3,2,1,0,0,0,0,0,0,0,0,0,0,0,0,0,0,0,1
1737,201902346,4,0,0,0,0,0,1,0,0,0,0,0,0,0,0,0,1,0,0
1738,201902346,5,0,0,0,0,0,0,0,1,0,0,0,0,0,0,0,1,0,0
1739,201902346,6,0,0,0,0,0,1,0,0,0,0,0,0,0,0,0,1,0,0
1740,201902346,7,0,0,0,0,0,1,0,0,0,0,0,0,0,1,0,0,0,0
1741,201902346,8,0,0,0,0,0,0,0,1,0,0,0,0,0,0,1,0,0,0
1742,201902346,9,1,0,0,0,0,0,1,0,0,1,0,0,0,0,0,0,0,0
1743,201902365,1,0,0,1,0,0,0,0,0,0,0,0,0,0,1,0,0,0,0
1744,201902365,2,0,1,0,0,0,0,0,0,0,1,0,0,0,0,0,0,0,0
1745,201902365,3,0,0,0,0,0,0,0,1,0,0,0,0,0,1,0,0,0,0
1746,201902365,4,0,0,0,0,0,1,0,0,0,0,0,0,0,0,0,1,0,0
1747,201902365,5,1,0,0,0,0,1,0,0,0,0,0,0,1,0,0,0,0,0
1748,201902365,6,0,0,0,0,0,0,1,0,0,0,0,0,0,1,0,0,0,0
1749,201902365,7,0,0,0,0,0,1,0,0,0,0,0,0,0,0,1,0,0,0
1750,201902365,8,0,0,1,0,0,0,0,0,0,0,0,0,0,0,0,1,0,0
1751,201902365,9,2,1,0,0,0,0,0,0,0,0,0,0,0,0,0,0,0,1
1752,201902373,2,0,0,0,0,0,1,0,0,0,0,0,0,0,0,1,0,0,0
1753,201902373,3,0,0,0,0,0,1,0,0,0,0,0,0,0,0,0,0,0,1
1754,201902373,4,0,0,0,0,0,0,0,1,0,0,0,0,0,1,0,0,0,0
1755,201902373,5,0,1,0,0,0,0,0,0,0,0,0,0,0,0,0,1,0,0
1756,201902373,6,1,1,0,0,0,0,0,0,0,0,0,0,0,1,0,0,0,0
1757,201902373,7,0,0,1,0,0,0,0,0,0,0,0,0,0,1,0,0,0,0
1758,201902373,8,0,0,0,0,0,0,0,1,0,0,0,0,0,0,0,1,0,0
1759,201902373,9,0,1,0,0,0,0,0,0,0,0,0,0,0,1,0,0,0,0
1760,201902392,1,0,0,0,0,0,0,1,0,0,0,0,0,0,1,0,0,0,0
1761,201902392,2,0,0,0,0,0,1,0,0,0,1,0,0,0,0,0,0,0,0
1762,201902392,3,2,1,0,0,0,0,0,0,0,0,0,0,0,1,0,0,0,0
1763,201902392,4,1,0,0,0,0,0,1,0,0,0,0,0,0,1,0,0,0,0
1764,201902392,5,0,0,0,0,0,1,0,0,0,0,0,0,0,1,0,0,0,0
1765,201902392,6,0,0,0,0,0,1,0,0,0,0,0,0,0,0,0,1,0,0
1766,201902392,7,0,0,1,0,0,0,0,0,0,1,0,0,0,0,0,0,0,0
1767,201902392,8,2,0,0,0,0,0,0,1,0,1,0,0,0,0,0,0,0,0
1768,201902392,9,1,0,0,0,1,0,0,0,0,0,0,0,0,0,0,1,0,0
1769,201902394,1,2,0,1,0,0,0,0,0,0,0,0,0,1,0,0,0,0,0
1770,201902394,2,1,0,0,0,0,0,0,1,0,0,0,0,1,0,0,0,0,0
1771,201902394,3,1,0,0,0,0,1,0,0,0,0,0,0,0,1,0,0,0,0
1772,201902394,4,0,0,0,0,0,0,0,1,0,0,0,0,0,1,0,0,0,0
1773,201902394,5,0,0,0,0,0,0,1,0,0,0,0,0,0,0,0,1,0,0
1774,201902394,6,4,0,1,0,0,0,0,0,0,0,0,0,0,0,0,0,0,1
1775,201902394,7,0,0,0,0,0,0,0,1,0,0,0,0,0,1,0,0,0,0
1776,201902394,8,0,0,0,0,0,1,0,0,0,0,0,0,0,0,1,0,0,0
1777,201902394,9,1,0,0,0,1,0,0,0,0,0,0,0,0,1,0,0,0,0
